ground_truth_edge_id,source_variable,target_variable,lag_hours,sign,relationship_type,scope,origin,edge_role,scenario_name,recommended_primary_pcmci,ground_truth_version
GTEDGE_MFG_0001,ambient_humidity_pct,paint_booth_humidity_pct,1,POSITIVE,ENVIRONMENT_TO_PAINT,PAINT,BASELINE_GENERATOR,STRUCTURAL,,True,MFG_CAUSAL_GT_V1
GTEDGE_MFG_0002,machine_load,machine_temperature_c,0,POSITIVE,LOAD_TO_THERMAL,ALL,BASELINE_GENERATOR,STRUCTURAL,,False,MFG_CAUSAL_GT_V1
GTEDGE_MFG_0003,ambient_temperature_c,machine_temperature_c,0,POSITIVE,ENVIRONMENT_TO_THERMAL,ALL,BASELINE_GENERATOR,STRUCTURAL,,False,MFG_CAUSAL_GT_V1
GTEDGE_MFG_0004,machine_temperature_c,vibration_mm_s,1,POSITIVE,THERMAL_TO_VIBRATION,ALL,BASELINE_GENERATOR,STRUCTURAL,,True,MFG_CAUSAL_GT_V1
GTEDGE_MFG_0005,machine_load,vibration_mm_s,0,POSITIVE,LOAD_TO_VIBRATION,ALL,BASELINE_GENERATOR,STRUCTURAL,,False,MFG_CAUSAL_GT_V1
GTEDGE_MFG_0006,machine_load,line_speed_units_per_hour,0,POSITIVE,LOAD_TO_LINE_SPEED,ALL,BASELINE_GENERATOR,STRUCTURAL,,False,MFG_CAUSAL_GT_V1
GTEDGE_MFG_0007,machine_load,power_kw,0,POSITIVE,LOAD_TO_POWER,ALL,BASELINE_GENERATOR,STRUCTURAL,,False,MFG_CAUSAL_GT_V1
GTEDGE_MFG_0008,line_speed_units_per_hour,power_kw,0,POSITIVE,SPEED_TO_POWER,ALL,BASELINE_GENERATOR,STRUCTURAL,,False,MFG_CAUSAL_GT_V1
GTEDGE_MFG_0009,line_speed_units_per_hour,cycle_time_seconds,0,NEGATIVE,SPEED_TO_CYCLE_TIME,ALL,BASELINE_GENERATOR,STRUCTURAL,,False,MFG_CAUSAL_GT_V1
GTEDGE_MFG_0010,supplier_lot_quality_score,defect_rate,0,NEGATIVE,SUPPLIER_TO_DEFECT,ALL,BASELINE_GENERATOR,STRUCTURAL,,False,MFG_CAUSAL_GT_V1
GTEDGE_MFG_0011,torque_deviation_nm,defect_rate,0,NONLINEAR,TORQUE_TO_DEFECT,ALL,BASELINE_GENERATOR,STRUCTURAL,,False,MFG_CAUSAL_GT_V1
GTEDGE_MFG_0012,line_speed_units_per_hour,defect_rate,0,POSITIVE,SPEED_TO_DEFECT,ALL,BASELINE_GENERATOR,STRUCTURAL,,False,MFG_CAUSAL_GT_V1
GTEDGE_MFG_0013,vibration_mm_s,defect_rate,0,POSITIVE,VIBRATION_TO_DEFECT,ALL,BASELINE_GENERATOR,STRUCTURAL,,False,MFG_CAUSAL_GT_V1
GTEDGE_MFG_0014,maintenance_overdue_hours,defect_rate,0,POSITIVE,MAINTENANCE_TO_DEFECT,ALL,BASELINE_GENERATOR,STRUCTURAL,,False,MFG_CAUSAL_GT_V1
GTEDGE_MFG_0015,paint_booth_humidity_pct,paint_defect_rate,0,POSITIVE,PAINT_HUMIDITY_TO_DEFECT,PAINT,BASELINE_GENERATOR,STRUCTURAL,,False,MFG_CAUSAL_GT_V1
GTEDGE_MFG_0016,line_speed_units_per_hour,paint_defect_rate,0,POSITIVE,SPEED_TO_PAINT_DEFECT,PAINT,BASELINE_GENERATOR,STRUCTURAL,,False,MFG_CAUSAL_GT_V1
GTEDGE_MFG_0017,supplier_lot_quality_score,paint_defect_rate,0,NEGATIVE,SUPPLIER_TO_PAINT_DEFECT,PAINT,BASELINE_GENERATOR,STRUCTURAL,,False,MFG_CAUSAL_GT_V1
GTEDGE_MFG_0018,defect_rate,rework_rate,0,POSITIVE,DEFECT_TO_REWORK,ALL,BASELINE_GENERATOR,STRUCTURAL,,False,MFG_CAUSAL_GT_V1
GTEDGE_MFG_0019,paint_defect_rate,rework_rate,0,POSITIVE,PAINT_DEFECT_TO_REWORK,PAINT,BASELINE_GENERATOR,STRUCTURAL,,False,MFG_CAUSAL_GT_V1
GTEDGE_MFG_0020,machine_temperature_c,downtime_minutes,0,POSITIVE,THERMAL_TO_DOWNTIME,ALL,BASELINE_GENERATOR,STRUCTURAL,,False,MFG_CAUSAL_GT_V1
GTEDGE_MFG_0021,vibration_mm_s,downtime_minutes,0,POSITIVE,VIBRATION_TO_DOWNTIME,ALL,BASELINE_GENERATOR,STRUCTURAL,,False,MFG_CAUSAL_GT_V1
GTEDGE_MFG_0022,maintenance_overdue_hours,downtime_minutes,0,POSITIVE,MAINTENANCE_TO_DOWNTIME,ALL,BASELINE_GENERATOR,STRUCTURAL,,False,MFG_CAUSAL_GT_V1
GTEDGE_MFG_0023,defect_rate,quality_score,0,NEGATIVE,DEFECT_TO_QUALITY,ALL,BASELINE_GENERATOR,STRUCTURAL,,False,MFG_CAUSAL_GT_V1
GTEDGE_MFG_0024,rework_rate,quality_score,0,NEGATIVE,REWORK_TO_QUALITY,ALL,BASELINE_GENERATOR,STRUCTURAL,,False,MFG_CAUSAL_GT_V1
GTEDGE_MFG_0025,supplier_lot_quality_score,quality_score,0,POSITIVE,SUPPLIER_TO_QUALITY,ALL,BASELINE_GENERATOR,STRUCTURAL,,False,MFG_CAUSAL_GT_V1
GTEDGE_MFG_0026,ambient_humidity_pct,ambient_humidity_pct,1,POSITIVE,AUTOREGRESSIVE,ALL,BASELINE_GENERATOR,AUTOREGRESSIVE,,False,MFG_CAUSAL_GT_V1
GTEDGE_MFG_0027,machine_temperature_c,machine_temperature_c,1,POSITIVE,AUTOREGRESSIVE,ALL,BASELINE_GENERATOR,AUTOREGRESSIVE,,False,MFG_CAUSAL_GT_V1
GTEDGE_MFG_0028,vibration_mm_s,vibration_mm_s,1,POSITIVE,AUTOREGRESSIVE,ALL,BASELINE_GENERATOR,AUTOREGRESSIVE,,False,MFG_CAUSAL_GT_V1
GTEDGE_MFG_0029,defect_rate,defect_rate,1,POSITIVE,AUTOREGRESSIVE,ALL,BASELINE_GENERATOR,AUTOREGRESSIVE,,False,MFG_CAUSAL_GT_V1
GTEDGE_MFG_0030,rework_rate,rework_rate,1,POSITIVE,AUTOREGRESSIVE,ALL,BASELINE_GENERATOR,AUTOREGRESSIVE,,False,MFG_CAUSAL_GT_V1
GTEDGE_MFG_0031,paint_booth_humidity_pct,paint_defect_rate,1,POSITIVE,SCENARIO_LAGGED,PAINT,SCENARIO_GENERATOR,STRUCTURAL,paint_humidity_spike,True,MFG_CAUSAL_GT_V1
GTEDGE_MFG_0032,machine_temperature_c,downtime_minutes,2,POSITIVE,SCENARIO_LAGGED,ALL,SCENARIO_GENERATOR,STRUCTURAL,machine_temperature_drift,True,MFG_CAUSAL_GT_V1
GTEDGE_MFG_0033,vibration_mm_s,downtime_minutes,1,POSITIVE,SCENARIO_LAGGED,ALL,SCENARIO_GENERATOR,STRUCTURAL,machine_vibration_anomaly,True,MFG_CAUSAL_GT_V1
GTEDGE_MFG_0034,supplier_lot_quality_score,defect_rate,1,NEGATIVE,SCENARIO_LAGGED,SUPPLIER_LOT,SCENARIO_GENERATOR,STRUCTURAL,supplier_quality_drop,True,MFG_CAUSAL_GT_V1
GTEDGE_MFG_0035,supplier_lot_quality_score,rework_rate,2,NEGATIVE,SCENARIO_LAGGED,SUPPLIER_LOT,SCENARIO_GENERATOR,STRUCTURAL,supplier_quality_drop,True,MFG_CAUSAL_GT_V1
GTEDGE_MFG_0036,line_speed_units_per_hour,defect_rate,1,POSITIVE,SCENARIO_LAGGED,ALL,SCENARIO_GENERATOR,STRUCTURAL,line_speed_pressure,True,MFG_CAUSAL_GT_V1
GTEDGE_MFG_0037,line_speed_units_per_hour,rework_rate,2,POSITIVE,SCENARIO_LAGGED,ALL,SCENARIO_GENERATOR,STRUCTURAL,line_speed_pressure,True,MFG_CAUSAL_GT_V1
GTEDGE_MFG_0038,torque_deviation_nm,defect_rate,1,NONLINEAR,SCENARIO_LAGGED_NONLINEAR,ALL,SCENARIO_GENERATOR,STRUCTURAL,torque_deviation,False,MFG_CAUSAL_GT_V1
GTEDGE_MFG_0039,torque_deviation_nm,rework_rate,2,NONLINEAR,SCENARIO_LAGGED_NONLINEAR,ALL,SCENARIO_GENERATOR,STRUCTURAL,torque_deviation,False,MFG_CAUSAL_GT_V1
GTEDGE_MFG_0040,maintenance_overdue_hours,vibration_mm_s,1,POSITIVE,SCENARIO_LAGGED,ALL,SCENARIO_GENERATOR,STRUCTURAL,maintenance_overdue,True,MFG_CAUSAL_GT_V1
GTEDGE_MFG_0041,maintenance_overdue_hours,downtime_minutes,2,POSITIVE,SCENARIO_LAGGED,ALL,SCENARIO_GENERATOR,STRUCTURAL,maintenance_overdue,True,MFG_CAUSAL_GT_V1
