ground_truth_edge_id,source_variable,target_variable,lag_windows,lag_hours,sign,relationship_type,scope,origin,edge_role,scenario_name,recommended_primary_pcmci,ground_truth_version
GTEDGE_MOB_0001,followup_completed_count,customer_response_count,1,12,POSITIVE,DEALER_EXECUTION_TO_RESPONSE,REGION,SCENARIO_GENERATOR,STRUCTURAL,dealer_followup_deterioration,False,MOBILITY_CAUSAL_GT_V1
GTEDGE_MOB_0002,followup_completed_count,test_drive_completed_count,2,24,POSITIVE,DEALER_EXECUTION_TO_TEST_DRIVE,REGION,SCENARIO_GENERATOR,STRUCTURAL,dealer_followup_deterioration,True,MOBILITY_CAUSAL_GT_V1
GTEDGE_MOB_0003,followup_completed_count,booking_count,3,36,POSITIVE,DEALER_EXECUTION_TO_BOOKING,REGION,SCENARIO_GENERATOR,STRUCTURAL,dealer_followup_deterioration,True,MOBILITY_CAUSAL_GT_V1
GTEDGE_MOB_0004,followup_completed_count,avg_followup_response_minutes,1,12,NEGATIVE,DEALER_EXECUTION_TO_RESPONSE_TIME,REGION,SCENARIO_GENERATOR,STRUCTURAL,dealer_followup_deterioration,False,MOBILITY_CAUSAL_GT_V1
GTEDGE_MOB_0005,avg_finance_approval_tat_hours,finance_approved_count,0,0,NEGATIVE,FINANCE_TAT_TO_APPROVAL,REGION,SCENARIO_GENERATOR,STRUCTURAL,finance_approval_slowdown,False,MOBILITY_CAUSAL_GT_V1
GTEDGE_MOB_0006,avg_finance_approval_tat_hours,finance_manual_review_count,0,0,POSITIVE,FINANCE_TAT_TO_MANUAL_REVIEW,REGION,SCENARIO_GENERATOR,STRUCTURAL,finance_approval_slowdown,False,MOBILITY_CAUSAL_GT_V1
GTEDGE_MOB_0007,avg_finance_approval_tat_hours,cancellation_count,2,24,POSITIVE,FINANCE_TAT_TO_CANCELLATION,REGION,SCENARIO_GENERATOR,STRUCTURAL,finance_approval_slowdown,False,MOBILITY_CAUSAL_GT_V1
GTEDGE_MOB_0008,allocated_vehicle_count,waitlisted_booking_count,0,0,NEGATIVE,ALLOCATION_TO_WAITLIST,REGION,SCENARIO_GENERATOR,STRUCTURAL,allocation_constraint,False,MOBILITY_CAUSAL_GT_V1
GTEDGE_MOB_0009,allocated_vehicle_count,avg_allocation_wait_hours,0,0,NEGATIVE,ALLOCATION_TO_WAIT_TIME,REGION,SCENARIO_GENERATOR,STRUCTURAL,allocation_constraint,False,MOBILITY_CAUSAL_GT_V1
GTEDGE_MOB_0010,allocated_vehicle_count,delivered_vehicle_count,2,24,POSITIVE,ALLOCATION_TO_DELIVERY,REGION,SCENARIO_GENERATOR,STRUCTURAL,allocation_constraint,True,MOBILITY_CAUSAL_GT_V1
GTEDGE_MOB_0011,allocated_vehicle_count,avg_delivery_delay_days,2,24,NEGATIVE,ALLOCATION_TO_DELIVERY_DELAY,REGION,SCENARIO_GENERATOR,STRUCTURAL,allocation_constraint,False,MOBILITY_CAUSAL_GT_V1
GTEDGE_MOB_0012,delayed_delivery_count,avg_delivery_delay_days,0,0,POSITIVE,DELIVERY_DELAY_COUNT_TO_DURATION,REGION,SCENARIO_GENERATOR,STRUCTURAL,delivery_delay_spike,False,MOBILITY_CAUSAL_GT_V1
