scenario_event_id,scenario_name,severity,target_scope,plant_id,plant_name,production_line_id,production_line_name,machine_id,machine_name,start_timestamp,end_timestamp,expected_primary_signal,expected_direction,affected_supplier_lot_ids,affected_supplier_lot_count,parent_scenario_event_id,scenario_version
SCENARIO_SYN_000017,torque_deviation,ANOMALY,MACHINE,PLANT_SYN_006,Igatpuri Plant,LINE_SYN_015,Igatpuri Plant - Body Line 1,MACHINE_SYN_085,BODY-WELDING_ROBOT-03,2026-07-26 00:40:00+05:30,2026-07-27 12:40:00+05:30,torque_deviation_nm,DEVIATE,,0,,MFG_SCENARIO_V1
SCENARIO_SYN_000005,machine_temperature_drift,DETERIORATION,MACHINE,PLANT_SYN_001,Chakan Plant,LINE_SYN_001,Chakan Plant - Body Line 1,MACHINE_SYN_004,BODY-BODY_ALIGNMENT_SYSTEM-04,2026-07-26 05:22:00+05:30,2026-07-28 05:22:00+05:30,machine_temperature_c,UP,,0,,MFG_SCENARIO_V1
SCENARIO_SYN_000006,machine_temperature_drift,DETERIORATION,MACHINE,PLANT_SYN_005,Zaheerabad Plant,LINE_SYN_014,Zaheerabad Plant - Assembly Line 3,MACHINE_SYN_078,ASSEMBLY-ASSEMBLY_CONVEYOR-03,2026-07-26 05:50:00+05:30,2026-07-28 05:50:00+05:30,machine_temperature_c,UP,,0,,MFG_SCENARIO_V1
SCENARIO_SYN_000008,machine_vibration_anomaly,ANOMALY,MACHINE,PLANT_SYN_002,Nashik Plant,LINE_SYN_005,Nashik Plant - Assembly Line 3,MACHINE_SYN_023,ASSEMBLY-TORQUE_STATION-01,2026-07-26 05:51:00+05:30,2026-07-27 11:51:00+05:30,vibration_mm_s,UP,,0,,MFG_SCENARIO_V1
SCENARIO_SYN_000016,torque_deviation,ANOMALY,MACHINE,PLANT_SYN_006,Igatpuri Plant,LINE_SYN_015,Igatpuri Plant - Body Line 1,MACHINE_SYN_084,BODY-BODY_PRESS-02,2026-07-26 07:16:00+05:30,2026-07-27 19:16:00+05:30,torque_deviation_nm,DEVIATE,,0,,MFG_SCENARIO_V1
SCENARIO_SYN_000002,paint_humidity_spike,ANOMALY,MACHINE,PLANT_SYN_001,Chakan Plant,LINE_SYN_002,Chakan Plant - Paint Line 2,MACHINE_SYN_009,PAINT-PRIMER_SPRAY_SYSTEM-05,2026-07-26 13:23:00+05:30,2026-07-28 01:23:00+05:30,paint_booth_humidity_pct,UP,,0,,MFG_SCENARIO_V1
SCENARIO_SYN_000020,maintenance_overdue,DETERIORATION,MACHINE,PLANT_SYN_006,Igatpuri Plant,LINE_SYN_018,Igatpuri Plant - Quality Line 4,MACHINE_SYN_105,QUALITY-NOISE_VIBRATION_TESTER-06,2026-07-26 14:50:00+05:30,2026-07-29 14:50:00+05:30,maintenance_overdue_hours,UP,,0,,MFG_SCENARIO_V1
SCENARIO_SYN_000012,supplier_quality_drop,DETERIORATION,SUPPLIER_LOT,PLANT_SYN_007,Bengaluru Plant,LINE_SYN_020,Bengaluru Plant - Paint Line 2,MACHINE_SYN_114,PAINT-PAINT_BOOTH_AIRFLOW_SYSTEM-02,2026-07-26 18:52:00+05:30,2026-07-29 18:52:00+05:30,supplier_lot_quality_score,DOWN,"[""LOT_SYN_000045"", ""LOT_SYN_000173"", ""LOT_SYN_000204"", ""LOT_SYN_000285""]",4,,MFG_SCENARIO_V1
SCENARIO_SYN_000014,line_speed_pressure,MODERATE,MACHINE,PLANT_SYN_003,Kandivali Plant,LINE_SYN_008,Kandivali Plant - Assembly Line 3,MACHINE_SYN_041,ASSEMBLY-ASSEMBLY_ROBOT-02,2026-07-26 19:20:00+05:30,2026-07-28 19:20:00+05:30,line_speed_units_per_hour,UP,,0,,MFG_SCENARIO_V1
SCENARIO_SYN_000007,machine_vibration_anomaly,ANOMALY,MACHINE,PLANT_SYN_006,Igatpuri Plant,LINE_SYN_018,Igatpuri Plant - Quality Line 4,MACHINE_SYN_102,QUALITY-WHEEL_ALIGNMENT_TESTER-03,2026-07-26 19:51:00+05:30,2026-07-28 01:51:00+05:30,vibration_mm_s,UP,,0,,MFG_SCENARIO_V1
SCENARIO_SYN_000015,line_speed_pressure,MODERATE,MACHINE,PLANT_SYN_003,Kandivali Plant,LINE_SYN_006,Kandivali Plant - Body Line 1,MACHINE_SYN_033,BODY-WELDING_ROBOT-03,2026-07-27 00:37:00+05:30,2026-07-29 00:37:00+05:30,line_speed_units_per_hour,UP,,0,,MFG_SCENARIO_V1
SCENARIO_SYN_000018,torque_deviation,ANOMALY,MACHINE,PLANT_SYN_001,Chakan Plant,LINE_SYN_002,Chakan Plant - Paint Line 2,MACHINE_SYN_006,PAINT-PAINT_BOOTH_AIRFLOW_SYSTEM-02,2026-07-27 02:53:00+05:30,2026-07-28 14:53:00+05:30,torque_deviation_nm,DEVIATE,,0,,MFG_SCENARIO_V1
SCENARIO_SYN_000010,supplier_quality_drop,DETERIORATION,SUPPLIER_LOT,PLANT_SYN_005,Zaheerabad Plant,LINE_SYN_013,Zaheerabad Plant - Paint Line 2,MACHINE_SYN_072,PAINT-PAINT_OVEN-03,2026-07-27 08:19:00+05:30,2026-07-30 08:19:00+05:30,supplier_lot_quality_score,DOWN,"[""LOT_SYN_000125"", ""LOT_SYN_000141"", ""LOT_SYN_000207"", ""LOT_SYN_000222""]",4,,MFG_SCENARIO_V1
SCENARIO_SYN_000019,maintenance_overdue,DETERIORATION,MACHINE,PLANT_SYN_005,Zaheerabad Plant,LINE_SYN_012,Zaheerabad Plant - Body Line 1,MACHINE_SYN_065,BODY-WELDING_ROBOT-01,2026-07-27 08:59:00+05:30,2026-07-30 08:59:00+05:30,maintenance_overdue_hours,UP,,0,,MFG_SCENARIO_V1
SCENARIO_SYN_000001,paint_humidity_spike,ANOMALY,MACHINE,PLANT_SYN_007,Bengaluru Plant,LINE_SYN_020,Bengaluru Plant - Paint Line 2,MACHINE_SYN_115,PAINT-PAINT_OVEN-03,2026-07-27 09:57:00+05:30,2026-07-28 21:57:00+05:30,paint_booth_humidity_pct,UP,,0,,MFG_SCENARIO_V1
SCENARIO_SYN_000021,maintenance_overdue,DETERIORATION,MACHINE,PLANT_SYN_004,Haridwar Plant,LINE_SYN_010,Haridwar Plant - Body Line 1,MACHINE_SYN_057,BODY-SPOT_WELDER-05,2026-07-27 10:39:00+05:30,2026-07-30 10:39:00+05:30,maintenance_overdue_hours,UP,,0,,MFG_SCENARIO_V1
SCENARIO_SYN_000013,line_speed_pressure,MODERATE,MACHINE,PLANT_SYN_007,Bengaluru Plant,LINE_SYN_019,Bengaluru Plant - Body Line 1,MACHINE_SYN_108,BODY-WELDING_ROBOT-03,2026-07-27 11:29:00+05:30,2026-07-29 11:29:00+05:30,line_speed_units_per_hour,UP,,0,,MFG_SCENARIO_V1
SCENARIO_SYN_000011,supplier_quality_drop,DETERIORATION,SUPPLIER_LOT,PLANT_SYN_002,Nashik Plant,LINE_SYN_005,Nashik Plant - Assembly Line 3,MACHINE_SYN_023,ASSEMBLY-TORQUE_STATION-01,2026-07-27 12:26:00+05:30,2026-07-30 12:26:00+05:30,supplier_lot_quality_score,DOWN,"[""LOT_SYN_000078"", ""LOT_SYN_000126"", ""LOT_SYN_000221"", ""LOT_SYN_000316""]",4,,MFG_SCENARIO_V1
SCENARIO_SYN_000004,machine_temperature_drift,DETERIORATION,MACHINE,PLANT_SYN_007,Bengaluru Plant,LINE_SYN_019,Bengaluru Plant - Body Line 1,MACHINE_SYN_111,BODY-BODY_CONVEYOR-06,2026-07-27 14:09:00+05:30,2026-07-29 14:09:00+05:30,machine_temperature_c,UP,,0,,MFG_SCENARIO_V1
SCENARIO_SYN_000009,machine_vibration_anomaly,ANOMALY,MACHINE,PLANT_SYN_002,Nashik Plant,LINE_SYN_004,Nashik Plant - Paint Line 2,MACHINE_SYN_017,PAINT-PAINT_BOOTH_AIRFLOW_SYSTEM-02,2026-07-28 10:16:00+05:30,2026-07-29 16:16:00+05:30,vibration_mm_s,UP,,0,,MFG_SCENARIO_V1
SCENARIO_SYN_000003,paint_humidity_spike,ANOMALY,MACHINE,PLANT_SYN_001,Chakan Plant,LINE_SYN_002,Chakan Plant - Paint Line 2,MACHINE_SYN_005,PAINT-PAINT_SPRAY_ROBOT-01,2026-07-29 05:49:00+05:30,2026-07-30 17:49:00+05:30,paint_booth_humidity_pct,UP,,0,,MFG_SCENARIO_V1
SCENARIO_SYN_000023,maintenance_recovery,RECOVERY,MACHINE,PLANT_SYN_006,Igatpuri Plant,LINE_SYN_018,Igatpuri Plant - Quality Line 4,MACHINE_SYN_105,QUALITY-NOISE_VIBRATION_TESTER-06,2026-07-29 14:50:00+05:30,2026-07-30 14:50:00+05:30,maintenance_overdue_hours,DOWN,,0,SCENARIO_SYN_000020,MFG_SCENARIO_V1
SCENARIO_SYN_000022,maintenance_recovery,RECOVERY,MACHINE,PLANT_SYN_005,Zaheerabad Plant,LINE_SYN_012,Zaheerabad Plant - Body Line 1,MACHINE_SYN_065,BODY-WELDING_ROBOT-01,2026-07-30 08:59:00+05:30,2026-07-31 08:59:00+05:30,maintenance_overdue_hours,DOWN,,0,SCENARIO_SYN_000019,MFG_SCENARIO_V1
SCENARIO_SYN_000024,maintenance_recovery,RECOVERY,MACHINE,PLANT_SYN_004,Haridwar Plant,LINE_SYN_010,Haridwar Plant - Body Line 1,MACHINE_SYN_057,BODY-SPOT_WELDER-05,2026-07-30 10:39:00+05:30,2026-07-31 10:39:00+05:30,maintenance_overdue_hours,DOWN,,0,SCENARIO_SYN_000021,MFG_SCENARIO_V1
