expectation_id,scenario_event_id,scenario_name,true_root_signal,target_signal,expected_change,expected_lag_hours,path_order,expected_warning,ground_truth_version
GTEXP_MFG_000001,SCENARIO_SYN_000017,torque_deviation,torque_deviation_nm,torque_deviation_nm,ABS_DEVIATION_UP,0,0,PROCESS_QUALITY_RISK,MFG_CAUSAL_GT_V1
GTEXP_MFG_000002,SCENARIO_SYN_000017,torque_deviation,torque_deviation_nm,defect_rate,UP,1,1,PROCESS_QUALITY_RISK,MFG_CAUSAL_GT_V1
GTEXP_MFG_000003,SCENARIO_SYN_000017,torque_deviation,torque_deviation_nm,rework_rate,UP,2,2,PROCESS_QUALITY_RISK,MFG_CAUSAL_GT_V1
GTEXP_MFG_000004,SCENARIO_SYN_000017,torque_deviation,torque_deviation_nm,quality_score,DOWN,1,3,PROCESS_QUALITY_RISK,MFG_CAUSAL_GT_V1
GTEXP_MFG_000005,SCENARIO_SYN_000005,machine_temperature_drift,machine_temperature_c,machine_temperature_c,UP,0,0,EQUIPMENT_HEALTH_RISK,MFG_CAUSAL_GT_V1
GTEXP_MFG_000006,SCENARIO_SYN_000005,machine_temperature_drift,machine_temperature_c,vibration_mm_s,UP,1,1,EQUIPMENT_HEALTH_RISK,MFG_CAUSAL_GT_V1
GTEXP_MFG_000007,SCENARIO_SYN_000005,machine_temperature_drift,machine_temperature_c,downtime_minutes,UP,2,2,EQUIPMENT_HEALTH_RISK,MFG_CAUSAL_GT_V1
GTEXP_MFG_000008,SCENARIO_SYN_000006,machine_temperature_drift,machine_temperature_c,machine_temperature_c,UP,0,0,EQUIPMENT_HEALTH_RISK,MFG_CAUSAL_GT_V1
GTEXP_MFG_000009,SCENARIO_SYN_000006,machine_temperature_drift,machine_temperature_c,vibration_mm_s,UP,1,1,EQUIPMENT_HEALTH_RISK,MFG_CAUSAL_GT_V1
GTEXP_MFG_000010,SCENARIO_SYN_000006,machine_temperature_drift,machine_temperature_c,downtime_minutes,UP,2,2,EQUIPMENT_HEALTH_RISK,MFG_CAUSAL_GT_V1
GTEXP_MFG_000011,SCENARIO_SYN_000008,machine_vibration_anomaly,vibration_mm_s,vibration_mm_s,UP,0,0,EQUIPMENT_HEALTH_RISK,MFG_CAUSAL_GT_V1
GTEXP_MFG_000012,SCENARIO_SYN_000008,machine_vibration_anomaly,vibration_mm_s,downtime_minutes,UP,1,1,EQUIPMENT_HEALTH_RISK,MFG_CAUSAL_GT_V1
GTEXP_MFG_000013,SCENARIO_SYN_000016,torque_deviation,torque_deviation_nm,torque_deviation_nm,ABS_DEVIATION_UP,0,0,PROCESS_QUALITY_RISK,MFG_CAUSAL_GT_V1
GTEXP_MFG_000014,SCENARIO_SYN_000016,torque_deviation,torque_deviation_nm,defect_rate,UP,1,1,PROCESS_QUALITY_RISK,MFG_CAUSAL_GT_V1
GTEXP_MFG_000015,SCENARIO_SYN_000016,torque_deviation,torque_deviation_nm,rework_rate,UP,2,2,PROCESS_QUALITY_RISK,MFG_CAUSAL_GT_V1
GTEXP_MFG_000016,SCENARIO_SYN_000016,torque_deviation,torque_deviation_nm,quality_score,DOWN,1,3,PROCESS_QUALITY_RISK,MFG_CAUSAL_GT_V1
GTEXP_MFG_000017,SCENARIO_SYN_000002,paint_humidity_spike,paint_booth_humidity_pct,paint_booth_humidity_pct,UP,0,0,PAINT_QUALITY_RISK,MFG_CAUSAL_GT_V1
GTEXP_MFG_000018,SCENARIO_SYN_000002,paint_humidity_spike,paint_booth_humidity_pct,paint_defect_rate,UP,1,1,PAINT_QUALITY_RISK,MFG_CAUSAL_GT_V1
GTEXP_MFG_000019,SCENARIO_SYN_000002,paint_humidity_spike,paint_booth_humidity_pct,rework_rate,UP,2,2,PAINT_QUALITY_RISK,MFG_CAUSAL_GT_V1
GTEXP_MFG_000020,SCENARIO_SYN_000002,paint_humidity_spike,paint_booth_humidity_pct,quality_score,DOWN,2,3,PAINT_QUALITY_RISK,MFG_CAUSAL_GT_V1
GTEXP_MFG_000021,SCENARIO_SYN_000020,maintenance_overdue,maintenance_overdue_hours,maintenance_overdue_hours,UP,0,0,MAINTENANCE_RISK,MFG_CAUSAL_GT_V1
GTEXP_MFG_000022,SCENARIO_SYN_000020,maintenance_overdue,maintenance_overdue_hours,machine_temperature_c,UP,0,1,MAINTENANCE_RISK,MFG_CAUSAL_GT_V1
GTEXP_MFG_000023,SCENARIO_SYN_000020,maintenance_overdue,maintenance_overdue_hours,vibration_mm_s,UP,1,2,MAINTENANCE_RISK,MFG_CAUSAL_GT_V1
GTEXP_MFG_000024,SCENARIO_SYN_000020,maintenance_overdue,maintenance_overdue_hours,downtime_minutes,UP,2,3,MAINTENANCE_RISK,MFG_CAUSAL_GT_V1
GTEXP_MFG_000025,SCENARIO_SYN_000012,supplier_quality_drop,supplier_lot_quality_score,supplier_lot_quality_score,DOWN,0,0,SUPPLIER_QUALITY_RISK,MFG_CAUSAL_GT_V1
GTEXP_MFG_000026,SCENARIO_SYN_000012,supplier_quality_drop,supplier_lot_quality_score,defect_rate,UP,1,1,SUPPLIER_QUALITY_RISK,MFG_CAUSAL_GT_V1
GTEXP_MFG_000027,SCENARIO_SYN_000012,supplier_quality_drop,supplier_lot_quality_score,rework_rate,UP,2,2,SUPPLIER_QUALITY_RISK,MFG_CAUSAL_GT_V1
GTEXP_MFG_000028,SCENARIO_SYN_000012,supplier_quality_drop,supplier_lot_quality_score,quality_score,DOWN,2,3,SUPPLIER_QUALITY_RISK,MFG_CAUSAL_GT_V1
GTEXP_MFG_000029,SCENARIO_SYN_000014,line_speed_pressure,line_speed_units_per_hour,line_speed_units_per_hour,UP,0,0,PROCESS_QUALITY_RISK,MFG_CAUSAL_GT_V1
GTEXP_MFG_000030,SCENARIO_SYN_000014,line_speed_pressure,line_speed_units_per_hour,cycle_time_seconds,DOWN,0,1,PROCESS_QUALITY_RISK,MFG_CAUSAL_GT_V1
GTEXP_MFG_000031,SCENARIO_SYN_000014,line_speed_pressure,line_speed_units_per_hour,power_kw,UP,0,1,PROCESS_QUALITY_RISK,MFG_CAUSAL_GT_V1
GTEXP_MFG_000032,SCENARIO_SYN_000014,line_speed_pressure,line_speed_units_per_hour,defect_rate,UP,1,2,PROCESS_QUALITY_RISK,MFG_CAUSAL_GT_V1
GTEXP_MFG_000033,SCENARIO_SYN_000014,line_speed_pressure,line_speed_units_per_hour,rework_rate,UP,2,3,PROCESS_QUALITY_RISK,MFG_CAUSAL_GT_V1
GTEXP_MFG_000034,SCENARIO_SYN_000007,machine_vibration_anomaly,vibration_mm_s,vibration_mm_s,UP,0,0,EQUIPMENT_HEALTH_RISK,MFG_CAUSAL_GT_V1
GTEXP_MFG_000035,SCENARIO_SYN_000007,machine_vibration_anomaly,vibration_mm_s,downtime_minutes,UP,1,1,EQUIPMENT_HEALTH_RISK,MFG_CAUSAL_GT_V1
GTEXP_MFG_000036,SCENARIO_SYN_000015,line_speed_pressure,line_speed_units_per_hour,line_speed_units_per_hour,UP,0,0,PROCESS_QUALITY_RISK,MFG_CAUSAL_GT_V1
GTEXP_MFG_000037,SCENARIO_SYN_000015,line_speed_pressure,line_speed_units_per_hour,cycle_time_seconds,DOWN,0,1,PROCESS_QUALITY_RISK,MFG_CAUSAL_GT_V1
GTEXP_MFG_000038,SCENARIO_SYN_000015,line_speed_pressure,line_speed_units_per_hour,power_kw,UP,0,1,PROCESS_QUALITY_RISK,MFG_CAUSAL_GT_V1
GTEXP_MFG_000039,SCENARIO_SYN_000015,line_speed_pressure,line_speed_units_per_hour,defect_rate,UP,1,2,PROCESS_QUALITY_RISK,MFG_CAUSAL_GT_V1
GTEXP_MFG_000040,SCENARIO_SYN_000015,line_speed_pressure,line_speed_units_per_hour,rework_rate,UP,2,3,PROCESS_QUALITY_RISK,MFG_CAUSAL_GT_V1
GTEXP_MFG_000041,SCENARIO_SYN_000018,torque_deviation,torque_deviation_nm,torque_deviation_nm,ABS_DEVIATION_UP,0,0,PROCESS_QUALITY_RISK,MFG_CAUSAL_GT_V1
GTEXP_MFG_000042,SCENARIO_SYN_000018,torque_deviation,torque_deviation_nm,defect_rate,UP,1,1,PROCESS_QUALITY_RISK,MFG_CAUSAL_GT_V1
GTEXP_MFG_000043,SCENARIO_SYN_000018,torque_deviation,torque_deviation_nm,rework_rate,UP,2,2,PROCESS_QUALITY_RISK,MFG_CAUSAL_GT_V1
GTEXP_MFG_000044,SCENARIO_SYN_000018,torque_deviation,torque_deviation_nm,quality_score,DOWN,1,3,PROCESS_QUALITY_RISK,MFG_CAUSAL_GT_V1
GTEXP_MFG_000045,SCENARIO_SYN_000010,supplier_quality_drop,supplier_lot_quality_score,supplier_lot_quality_score,DOWN,0,0,SUPPLIER_QUALITY_RISK,MFG_CAUSAL_GT_V1
GTEXP_MFG_000046,SCENARIO_SYN_000010,supplier_quality_drop,supplier_lot_quality_score,defect_rate,UP,1,1,SUPPLIER_QUALITY_RISK,MFG_CAUSAL_GT_V1
GTEXP_MFG_000047,SCENARIO_SYN_000010,supplier_quality_drop,supplier_lot_quality_score,rework_rate,UP,2,2,SUPPLIER_QUALITY_RISK,MFG_CAUSAL_GT_V1
GTEXP_MFG_000048,SCENARIO_SYN_000010,supplier_quality_drop,supplier_lot_quality_score,quality_score,DOWN,2,3,SUPPLIER_QUALITY_RISK,MFG_CAUSAL_GT_V1
GTEXP_MFG_000049,SCENARIO_SYN_000019,maintenance_overdue,maintenance_overdue_hours,maintenance_overdue_hours,UP,0,0,MAINTENANCE_RISK,MFG_CAUSAL_GT_V1
GTEXP_MFG_000050,SCENARIO_SYN_000019,maintenance_overdue,maintenance_overdue_hours,machine_temperature_c,UP,0,1,MAINTENANCE_RISK,MFG_CAUSAL_GT_V1
GTEXP_MFG_000051,SCENARIO_SYN_000019,maintenance_overdue,maintenance_overdue_hours,vibration_mm_s,UP,1,2,MAINTENANCE_RISK,MFG_CAUSAL_GT_V1
GTEXP_MFG_000052,SCENARIO_SYN_000019,maintenance_overdue,maintenance_overdue_hours,downtime_minutes,UP,2,3,MAINTENANCE_RISK,MFG_CAUSAL_GT_V1
GTEXP_MFG_000053,SCENARIO_SYN_000001,paint_humidity_spike,paint_booth_humidity_pct,paint_booth_humidity_pct,UP,0,0,PAINT_QUALITY_RISK,MFG_CAUSAL_GT_V1
GTEXP_MFG_000054,SCENARIO_SYN_000001,paint_humidity_spike,paint_booth_humidity_pct,paint_defect_rate,UP,1,1,PAINT_QUALITY_RISK,MFG_CAUSAL_GT_V1
GTEXP_MFG_000055,SCENARIO_SYN_000001,paint_humidity_spike,paint_booth_humidity_pct,rework_rate,UP,2,2,PAINT_QUALITY_RISK,MFG_CAUSAL_GT_V1
GTEXP_MFG_000056,SCENARIO_SYN_000001,paint_humidity_spike,paint_booth_humidity_pct,quality_score,DOWN,2,3,PAINT_QUALITY_RISK,MFG_CAUSAL_GT_V1
GTEXP_MFG_000057,SCENARIO_SYN_000021,maintenance_overdue,maintenance_overdue_hours,maintenance_overdue_hours,UP,0,0,MAINTENANCE_RISK,MFG_CAUSAL_GT_V1
GTEXP_MFG_000058,SCENARIO_SYN_000021,maintenance_overdue,maintenance_overdue_hours,machine_temperature_c,UP,0,1,MAINTENANCE_RISK,MFG_CAUSAL_GT_V1
GTEXP_MFG_000059,SCENARIO_SYN_000021,maintenance_overdue,maintenance_overdue_hours,vibration_mm_s,UP,1,2,MAINTENANCE_RISK,MFG_CAUSAL_GT_V1
GTEXP_MFG_000060,SCENARIO_SYN_000021,maintenance_overdue,maintenance_overdue_hours,downtime_minutes,UP,2,3,MAINTENANCE_RISK,MFG_CAUSAL_GT_V1
GTEXP_MFG_000061,SCENARIO_SYN_000013,line_speed_pressure,line_speed_units_per_hour,line_speed_units_per_hour,UP,0,0,PROCESS_QUALITY_RISK,MFG_CAUSAL_GT_V1
GTEXP_MFG_000062,SCENARIO_SYN_000013,line_speed_pressure,line_speed_units_per_hour,cycle_time_seconds,DOWN,0,1,PROCESS_QUALITY_RISK,MFG_CAUSAL_GT_V1
GTEXP_MFG_000063,SCENARIO_SYN_000013,line_speed_pressure,line_speed_units_per_hour,power_kw,UP,0,1,PROCESS_QUALITY_RISK,MFG_CAUSAL_GT_V1
GTEXP_MFG_000064,SCENARIO_SYN_000013,line_speed_pressure,line_speed_units_per_hour,defect_rate,UP,1,2,PROCESS_QUALITY_RISK,MFG_CAUSAL_GT_V1
GTEXP_MFG_000065,SCENARIO_SYN_000013,line_speed_pressure,line_speed_units_per_hour,rework_rate,UP,2,3,PROCESS_QUALITY_RISK,MFG_CAUSAL_GT_V1
GTEXP_MFG_000066,SCENARIO_SYN_000011,supplier_quality_drop,supplier_lot_quality_score,supplier_lot_quality_score,DOWN,0,0,SUPPLIER_QUALITY_RISK,MFG_CAUSAL_GT_V1
GTEXP_MFG_000067,SCENARIO_SYN_000011,supplier_quality_drop,supplier_lot_quality_score,defect_rate,UP,1,1,SUPPLIER_QUALITY_RISK,MFG_CAUSAL_GT_V1
GTEXP_MFG_000068,SCENARIO_SYN_000011,supplier_quality_drop,supplier_lot_quality_score,rework_rate,UP,2,2,SUPPLIER_QUALITY_RISK,MFG_CAUSAL_GT_V1
GTEXP_MFG_000069,SCENARIO_SYN_000011,supplier_quality_drop,supplier_lot_quality_score,quality_score,DOWN,2,3,SUPPLIER_QUALITY_RISK,MFG_CAUSAL_GT_V1
GTEXP_MFG_000070,SCENARIO_SYN_000004,machine_temperature_drift,machine_temperature_c,machine_temperature_c,UP,0,0,EQUIPMENT_HEALTH_RISK,MFG_CAUSAL_GT_V1
GTEXP_MFG_000071,SCENARIO_SYN_000004,machine_temperature_drift,machine_temperature_c,vibration_mm_s,UP,1,1,EQUIPMENT_HEALTH_RISK,MFG_CAUSAL_GT_V1
GTEXP_MFG_000072,SCENARIO_SYN_000004,machine_temperature_drift,machine_temperature_c,downtime_minutes,UP,2,2,EQUIPMENT_HEALTH_RISK,MFG_CAUSAL_GT_V1
GTEXP_MFG_000073,SCENARIO_SYN_000009,machine_vibration_anomaly,vibration_mm_s,vibration_mm_s,UP,0,0,EQUIPMENT_HEALTH_RISK,MFG_CAUSAL_GT_V1
GTEXP_MFG_000074,SCENARIO_SYN_000009,machine_vibration_anomaly,vibration_mm_s,downtime_minutes,UP,1,1,EQUIPMENT_HEALTH_RISK,MFG_CAUSAL_GT_V1
GTEXP_MFG_000075,SCENARIO_SYN_000003,paint_humidity_spike,paint_booth_humidity_pct,paint_booth_humidity_pct,UP,0,0,PAINT_QUALITY_RISK,MFG_CAUSAL_GT_V1
GTEXP_MFG_000076,SCENARIO_SYN_000003,paint_humidity_spike,paint_booth_humidity_pct,paint_defect_rate,UP,1,1,PAINT_QUALITY_RISK,MFG_CAUSAL_GT_V1
GTEXP_MFG_000077,SCENARIO_SYN_000003,paint_humidity_spike,paint_booth_humidity_pct,rework_rate,UP,2,2,PAINT_QUALITY_RISK,MFG_CAUSAL_GT_V1
GTEXP_MFG_000078,SCENARIO_SYN_000003,paint_humidity_spike,paint_booth_humidity_pct,quality_score,DOWN,2,3,PAINT_QUALITY_RISK,MFG_CAUSAL_GT_V1
GTEXP_MFG_000079,SCENARIO_SYN_000023,maintenance_recovery,maintenance_overdue_hours,maintenance_overdue_hours,DOWN,0,0,RECOVERY_EXPECTED,MFG_CAUSAL_GT_V1
GTEXP_MFG_000080,SCENARIO_SYN_000023,maintenance_recovery,maintenance_overdue_hours,hours_since_maintenance,DOWN,0,1,RECOVERY_EXPECTED,MFG_CAUSAL_GT_V1
GTEXP_MFG_000081,SCENARIO_SYN_000023,maintenance_recovery,maintenance_overdue_hours,machine_temperature_c,DOWN,0,1,RECOVERY_EXPECTED,MFG_CAUSAL_GT_V1
GTEXP_MFG_000082,SCENARIO_SYN_000023,maintenance_recovery,maintenance_overdue_hours,vibration_mm_s,DOWN,0,2,RECOVERY_EXPECTED,MFG_CAUSAL_GT_V1
GTEXP_MFG_000083,SCENARIO_SYN_000023,maintenance_recovery,maintenance_overdue_hours,downtime_minutes,DOWN,0,3,RECOVERY_EXPECTED,MFG_CAUSAL_GT_V1
GTEXP_MFG_000084,SCENARIO_SYN_000022,maintenance_recovery,maintenance_overdue_hours,maintenance_overdue_hours,DOWN,0,0,RECOVERY_EXPECTED,MFG_CAUSAL_GT_V1
GTEXP_MFG_000085,SCENARIO_SYN_000022,maintenance_recovery,maintenance_overdue_hours,hours_since_maintenance,DOWN,0,1,RECOVERY_EXPECTED,MFG_CAUSAL_GT_V1
GTEXP_MFG_000086,SCENARIO_SYN_000022,maintenance_recovery,maintenance_overdue_hours,machine_temperature_c,DOWN,0,1,RECOVERY_EXPECTED,MFG_CAUSAL_GT_V1
GTEXP_MFG_000087,SCENARIO_SYN_000022,maintenance_recovery,maintenance_overdue_hours,vibration_mm_s,DOWN,0,2,RECOVERY_EXPECTED,MFG_CAUSAL_GT_V1
GTEXP_MFG_000088,SCENARIO_SYN_000022,maintenance_recovery,maintenance_overdue_hours,downtime_minutes,DOWN,0,3,RECOVERY_EXPECTED,MFG_CAUSAL_GT_V1
GTEXP_MFG_000089,SCENARIO_SYN_000024,maintenance_recovery,maintenance_overdue_hours,maintenance_overdue_hours,DOWN,0,0,RECOVERY_EXPECTED,MFG_CAUSAL_GT_V1
GTEXP_MFG_000090,SCENARIO_SYN_000024,maintenance_recovery,maintenance_overdue_hours,hours_since_maintenance,DOWN,0,1,RECOVERY_EXPECTED,MFG_CAUSAL_GT_V1
GTEXP_MFG_000091,SCENARIO_SYN_000024,maintenance_recovery,maintenance_overdue_hours,machine_temperature_c,DOWN,0,1,RECOVERY_EXPECTED,MFG_CAUSAL_GT_V1
GTEXP_MFG_000092,SCENARIO_SYN_000024,maintenance_recovery,maintenance_overdue_hours,vibration_mm_s,DOWN,0,2,RECOVERY_EXPECTED,MFG_CAUSAL_GT_V1
GTEXP_MFG_000093,SCENARIO_SYN_000024,maintenance_recovery,maintenance_overdue_hours,downtime_minutes,DOWN,0,3,RECOVERY_EXPECTED,MFG_CAUSAL_GT_V1
