scenario_event_id,scenario_name,severity,target_scope,region_id,region_name,start_timestamp,end_timestamp,duration_windows,expected_primary_signal,expected_direction,parent_scenario_event_id,scenario_version
MOB_SCENARIO_SYN_000007,allocation_constraint,DETERIORATION,REGION,REG_SOUTH,South,2026-07-05 14:08:00+05:30,2026-07-11 14:08:00+05:30,12,allocated_vehicle_count,DOWN,,MOBILITY_SCENARIO_V1
MOB_SCENARIO_SYN_000012,delivery_delay_spike,ANOMALY,REGION,REG_NORTH,North,2026-07-06 12:21:00+05:30,2026-07-10 12:21:00+05:30,8,delayed_delivery_count,UP,,MOBILITY_SCENARIO_V1
MOB_SCENARIO_SYN_000010,delivery_delay_spike,ANOMALY,REGION,REG_WEST,West,2026-07-09 02:02:00+05:30,2026-07-13 02:02:00+05:30,8,delayed_delivery_count,UP,,MOBILITY_SCENARIO_V1
MOB_SCENARIO_SYN_000006,finance_approval_slowdown,DETERIORATION,REGION,REG_EAST,East,2026-07-09 17:50:00+05:30,2026-07-14 17:50:00+05:30,10,avg_finance_approval_tat_hours,UP,,MOBILITY_SCENARIO_V1
MOB_SCENARIO_SYN_000009,allocation_constraint,DETERIORATION,REGION,REG_NORTH,North,2026-07-11 17:05:00+05:30,2026-07-17 17:05:00+05:30,12,allocated_vehicle_count,DOWN,,MOBILITY_SCENARIO_V1
MOB_SCENARIO_SYN_000001,dealer_followup_deterioration,DETERIORATION,REGION,REG_WEST,West,2026-07-13 10:12:00+05:30,2026-07-17 10:12:00+05:30,8,followup_completed_count,DOWN,,MOBILITY_SCENARIO_V1
MOB_SCENARIO_SYN_000005,finance_approval_slowdown,DETERIORATION,REGION,REG_EAST,East,2026-07-17 00:25:00+05:30,2026-07-22 00:25:00+05:30,10,avg_finance_approval_tat_hours,UP,,MOBILITY_SCENARIO_V1
MOB_SCENARIO_SYN_000003,dealer_followup_deterioration,DETERIORATION,REGION,REG_SOUTH,South,2026-07-17 01:44:00+05:30,2026-07-21 01:44:00+05:30,8,followup_completed_count,DOWN,,MOBILITY_SCENARIO_V1
MOB_SCENARIO_SYN_000008,allocation_constraint,DETERIORATION,REGION,REG_NORTH,North,2026-07-20 22:56:00+05:30,2026-07-26 22:56:00+05:30,12,allocated_vehicle_count,DOWN,,MOBILITY_SCENARIO_V1
MOB_SCENARIO_SYN_000004,finance_approval_slowdown,DETERIORATION,REGION,REG_WEST,West,2026-07-21 22:02:00+05:30,2026-07-26 22:02:00+05:30,10,avg_finance_approval_tat_hours,UP,,MOBILITY_SCENARIO_V1
MOB_SCENARIO_SYN_000002,dealer_followup_deterioration,DETERIORATION,REGION,REG_EAST,East,2026-07-23 03:33:00+05:30,2026-07-27 03:33:00+05:30,8,followup_completed_count,DOWN,,MOBILITY_SCENARIO_V1
MOB_SCENARIO_SYN_000011,delivery_delay_spike,ANOMALY,REGION,REG_SOUTH,South,2026-07-23 05:55:00+05:30,2026-07-27 05:55:00+05:30,8,delayed_delivery_count,UP,,MOBILITY_SCENARIO_V1
