expectation_id,scenario_event_id,scenario_name,region_id,region_name,true_root_signal,target_signal,expected_change,expected_lag_windows,expected_lag_hours,path_order,expected_warning,ground_truth_version
GTEXP_MOB_000001,MOB_SCENARIO_SYN_000007,allocation_constraint,REG_SOUTH,South,allocated_vehicle_count,allocated_vehicle_count,DOWN,0,0,0,ALLOCATION_SUPPLY_RISK,MOBILITY_CAUSAL_GT_V1
GTEXP_MOB_000002,MOB_SCENARIO_SYN_000007,allocation_constraint,REG_SOUTH,South,allocated_vehicle_count,waitlisted_booking_count,UP,0,0,1,ALLOCATION_SUPPLY_RISK,MOBILITY_CAUSAL_GT_V1
GTEXP_MOB_000003,MOB_SCENARIO_SYN_000007,allocation_constraint,REG_SOUTH,South,allocated_vehicle_count,avg_allocation_wait_hours,UP,0,0,1,ALLOCATION_SUPPLY_RISK,MOBILITY_CAUSAL_GT_V1
GTEXP_MOB_000004,MOB_SCENARIO_SYN_000007,allocation_constraint,REG_SOUTH,South,allocated_vehicle_count,delivered_vehicle_count,DOWN,2,24,2,ALLOCATION_SUPPLY_RISK,MOBILITY_CAUSAL_GT_V1
GTEXP_MOB_000005,MOB_SCENARIO_SYN_000007,allocation_constraint,REG_SOUTH,South,allocated_vehicle_count,avg_delivery_delay_days,UP,2,24,2,ALLOCATION_SUPPLY_RISK,MOBILITY_CAUSAL_GT_V1
GTEXP_MOB_000006,MOB_SCENARIO_SYN_000012,delivery_delay_spike,REG_NORTH,North,delayed_delivery_count,delayed_delivery_count,UP,0,0,0,DELIVERY_DELAY_RISK,MOBILITY_CAUSAL_GT_V1
GTEXP_MOB_000007,MOB_SCENARIO_SYN_000012,delivery_delay_spike,REG_NORTH,North,delayed_delivery_count,avg_delivery_delay_days,UP,0,0,1,DELIVERY_DELAY_RISK,MOBILITY_CAUSAL_GT_V1
GTEXP_MOB_000008,MOB_SCENARIO_SYN_000010,delivery_delay_spike,REG_WEST,West,delayed_delivery_count,delayed_delivery_count,UP,0,0,0,DELIVERY_DELAY_RISK,MOBILITY_CAUSAL_GT_V1
GTEXP_MOB_000009,MOB_SCENARIO_SYN_000010,delivery_delay_spike,REG_WEST,West,delayed_delivery_count,avg_delivery_delay_days,UP,0,0,1,DELIVERY_DELAY_RISK,MOBILITY_CAUSAL_GT_V1
GTEXP_MOB_000010,MOB_SCENARIO_SYN_000006,finance_approval_slowdown,REG_EAST,East,avg_finance_approval_tat_hours,avg_finance_approval_tat_hours,UP,0,0,0,FINANCE_APPROVAL_RISK,MOBILITY_CAUSAL_GT_V1
GTEXP_MOB_000011,MOB_SCENARIO_SYN_000006,finance_approval_slowdown,REG_EAST,East,avg_finance_approval_tat_hours,finance_approved_count,DOWN,0,0,1,FINANCE_APPROVAL_RISK,MOBILITY_CAUSAL_GT_V1
GTEXP_MOB_000012,MOB_SCENARIO_SYN_000006,finance_approval_slowdown,REG_EAST,East,avg_finance_approval_tat_hours,finance_manual_review_count,UP,0,0,1,FINANCE_APPROVAL_RISK,MOBILITY_CAUSAL_GT_V1
GTEXP_MOB_000013,MOB_SCENARIO_SYN_000006,finance_approval_slowdown,REG_EAST,East,avg_finance_approval_tat_hours,cancellation_count,UP,2,24,2,FINANCE_APPROVAL_RISK,MOBILITY_CAUSAL_GT_V1
GTEXP_MOB_000014,MOB_SCENARIO_SYN_000009,allocation_constraint,REG_NORTH,North,allocated_vehicle_count,allocated_vehicle_count,DOWN,0,0,0,ALLOCATION_SUPPLY_RISK,MOBILITY_CAUSAL_GT_V1
GTEXP_MOB_000015,MOB_SCENARIO_SYN_000009,allocation_constraint,REG_NORTH,North,allocated_vehicle_count,waitlisted_booking_count,UP,0,0,1,ALLOCATION_SUPPLY_RISK,MOBILITY_CAUSAL_GT_V1
GTEXP_MOB_000016,MOB_SCENARIO_SYN_000009,allocation_constraint,REG_NORTH,North,allocated_vehicle_count,avg_allocation_wait_hours,UP,0,0,1,ALLOCATION_SUPPLY_RISK,MOBILITY_CAUSAL_GT_V1
GTEXP_MOB_000017,MOB_SCENARIO_SYN_000009,allocation_constraint,REG_NORTH,North,allocated_vehicle_count,delivered_vehicle_count,DOWN,2,24,2,ALLOCATION_SUPPLY_RISK,MOBILITY_CAUSAL_GT_V1
GTEXP_MOB_000018,MOB_SCENARIO_SYN_000009,allocation_constraint,REG_NORTH,North,allocated_vehicle_count,avg_delivery_delay_days,UP,2,24,2,ALLOCATION_SUPPLY_RISK,MOBILITY_CAUSAL_GT_V1
GTEXP_MOB_000019,MOB_SCENARIO_SYN_000001,dealer_followup_deterioration,REG_WEST,West,followup_completed_count,followup_completed_count,DOWN,0,0,0,DEALER_EXECUTION_RISK,MOBILITY_CAUSAL_GT_V1
GTEXP_MOB_000020,MOB_SCENARIO_SYN_000001,dealer_followup_deterioration,REG_WEST,West,followup_completed_count,customer_response_count,DOWN,1,12,1,DEALER_EXECUTION_RISK,MOBILITY_CAUSAL_GT_V1
GTEXP_MOB_000021,MOB_SCENARIO_SYN_000001,dealer_followup_deterioration,REG_WEST,West,followup_completed_count,avg_followup_response_minutes,UP,1,12,1,DEALER_EXECUTION_RISK,MOBILITY_CAUSAL_GT_V1
GTEXP_MOB_000022,MOB_SCENARIO_SYN_000001,dealer_followup_deterioration,REG_WEST,West,followup_completed_count,test_drive_completed_count,DOWN,2,24,2,DEALER_EXECUTION_RISK,MOBILITY_CAUSAL_GT_V1
GTEXP_MOB_000023,MOB_SCENARIO_SYN_000001,dealer_followup_deterioration,REG_WEST,West,followup_completed_count,booking_count,DOWN,3,36,3,DEALER_EXECUTION_RISK,MOBILITY_CAUSAL_GT_V1
GTEXP_MOB_000024,MOB_SCENARIO_SYN_000005,finance_approval_slowdown,REG_EAST,East,avg_finance_approval_tat_hours,avg_finance_approval_tat_hours,UP,0,0,0,FINANCE_APPROVAL_RISK,MOBILITY_CAUSAL_GT_V1
GTEXP_MOB_000025,MOB_SCENARIO_SYN_000005,finance_approval_slowdown,REG_EAST,East,avg_finance_approval_tat_hours,finance_approved_count,DOWN,0,0,1,FINANCE_APPROVAL_RISK,MOBILITY_CAUSAL_GT_V1
GTEXP_MOB_000026,MOB_SCENARIO_SYN_000005,finance_approval_slowdown,REG_EAST,East,avg_finance_approval_tat_hours,finance_manual_review_count,UP,0,0,1,FINANCE_APPROVAL_RISK,MOBILITY_CAUSAL_GT_V1
GTEXP_MOB_000027,MOB_SCENARIO_SYN_000005,finance_approval_slowdown,REG_EAST,East,avg_finance_approval_tat_hours,cancellation_count,UP,2,24,2,FINANCE_APPROVAL_RISK,MOBILITY_CAUSAL_GT_V1
GTEXP_MOB_000028,MOB_SCENARIO_SYN_000003,dealer_followup_deterioration,REG_SOUTH,South,followup_completed_count,followup_completed_count,DOWN,0,0,0,DEALER_EXECUTION_RISK,MOBILITY_CAUSAL_GT_V1
GTEXP_MOB_000029,MOB_SCENARIO_SYN_000003,dealer_followup_deterioration,REG_SOUTH,South,followup_completed_count,customer_response_count,DOWN,1,12,1,DEALER_EXECUTION_RISK,MOBILITY_CAUSAL_GT_V1
GTEXP_MOB_000030,MOB_SCENARIO_SYN_000003,dealer_followup_deterioration,REG_SOUTH,South,followup_completed_count,avg_followup_response_minutes,UP,1,12,1,DEALER_EXECUTION_RISK,MOBILITY_CAUSAL_GT_V1
GTEXP_MOB_000031,MOB_SCENARIO_SYN_000003,dealer_followup_deterioration,REG_SOUTH,South,followup_completed_count,test_drive_completed_count,DOWN,2,24,2,DEALER_EXECUTION_RISK,MOBILITY_CAUSAL_GT_V1
GTEXP_MOB_000032,MOB_SCENARIO_SYN_000003,dealer_followup_deterioration,REG_SOUTH,South,followup_completed_count,booking_count,DOWN,3,36,3,DEALER_EXECUTION_RISK,MOBILITY_CAUSAL_GT_V1
GTEXP_MOB_000033,MOB_SCENARIO_SYN_000008,allocation_constraint,REG_NORTH,North,allocated_vehicle_count,allocated_vehicle_count,DOWN,0,0,0,ALLOCATION_SUPPLY_RISK,MOBILITY_CAUSAL_GT_V1
GTEXP_MOB_000034,MOB_SCENARIO_SYN_000008,allocation_constraint,REG_NORTH,North,allocated_vehicle_count,waitlisted_booking_count,UP,0,0,1,ALLOCATION_SUPPLY_RISK,MOBILITY_CAUSAL_GT_V1
GTEXP_MOB_000035,MOB_SCENARIO_SYN_000008,allocation_constraint,REG_NORTH,North,allocated_vehicle_count,avg_allocation_wait_hours,UP,0,0,1,ALLOCATION_SUPPLY_RISK,MOBILITY_CAUSAL_GT_V1
GTEXP_MOB_000036,MOB_SCENARIO_SYN_000008,allocation_constraint,REG_NORTH,North,allocated_vehicle_count,delivered_vehicle_count,DOWN,2,24,2,ALLOCATION_SUPPLY_RISK,MOBILITY_CAUSAL_GT_V1
GTEXP_MOB_000037,MOB_SCENARIO_SYN_000008,allocation_constraint,REG_NORTH,North,allocated_vehicle_count,avg_delivery_delay_days,UP,2,24,2,ALLOCATION_SUPPLY_RISK,MOBILITY_CAUSAL_GT_V1
GTEXP_MOB_000038,MOB_SCENARIO_SYN_000004,finance_approval_slowdown,REG_WEST,West,avg_finance_approval_tat_hours,avg_finance_approval_tat_hours,UP,0,0,0,FINANCE_APPROVAL_RISK,MOBILITY_CAUSAL_GT_V1
GTEXP_MOB_000039,MOB_SCENARIO_SYN_000004,finance_approval_slowdown,REG_WEST,West,avg_finance_approval_tat_hours,finance_approved_count,DOWN,0,0,1,FINANCE_APPROVAL_RISK,MOBILITY_CAUSAL_GT_V1
GTEXP_MOB_000040,MOB_SCENARIO_SYN_000004,finance_approval_slowdown,REG_WEST,West,avg_finance_approval_tat_hours,finance_manual_review_count,UP,0,0,1,FINANCE_APPROVAL_RISK,MOBILITY_CAUSAL_GT_V1
GTEXP_MOB_000041,MOB_SCENARIO_SYN_000004,finance_approval_slowdown,REG_WEST,West,avg_finance_approval_tat_hours,cancellation_count,UP,2,24,2,FINANCE_APPROVAL_RISK,MOBILITY_CAUSAL_GT_V1
GTEXP_MOB_000042,MOB_SCENARIO_SYN_000002,dealer_followup_deterioration,REG_EAST,East,followup_completed_count,followup_completed_count,DOWN,0,0,0,DEALER_EXECUTION_RISK,MOBILITY_CAUSAL_GT_V1
GTEXP_MOB_000043,MOB_SCENARIO_SYN_000002,dealer_followup_deterioration,REG_EAST,East,followup_completed_count,customer_response_count,DOWN,1,12,1,DEALER_EXECUTION_RISK,MOBILITY_CAUSAL_GT_V1
GTEXP_MOB_000044,MOB_SCENARIO_SYN_000002,dealer_followup_deterioration,REG_EAST,East,followup_completed_count,avg_followup_response_minutes,UP,1,12,1,DEALER_EXECUTION_RISK,MOBILITY_CAUSAL_GT_V1
GTEXP_MOB_000045,MOB_SCENARIO_SYN_000002,dealer_followup_deterioration,REG_EAST,East,followup_completed_count,test_drive_completed_count,DOWN,2,24,2,DEALER_EXECUTION_RISK,MOBILITY_CAUSAL_GT_V1
GTEXP_MOB_000046,MOB_SCENARIO_SYN_000002,dealer_followup_deterioration,REG_EAST,East,followup_completed_count,booking_count,DOWN,3,36,3,DEALER_EXECUTION_RISK,MOBILITY_CAUSAL_GT_V1
GTEXP_MOB_000047,MOB_SCENARIO_SYN_000011,delivery_delay_spike,REG_SOUTH,South,delayed_delivery_count,delayed_delivery_count,UP,0,0,0,DELIVERY_DELAY_RISK,MOBILITY_CAUSAL_GT_V1
GTEXP_MOB_000048,MOB_SCENARIO_SYN_000011,delivery_delay_spike,REG_SOUTH,South,delayed_delivery_count,avg_delivery_delay_days,UP,0,0,1,DELIVERY_DELAY_RISK,MOBILITY_CAUSAL_GT_V1
