code,type,price,buyer_match,closure_prob,traceability,repriced_at,buyer_matched_at,sort_order
SYN-Plant-2300,CD,₹634,81,65,91,,,0
SYN-RVSF-2301,EPR,"₹1,516",73,70,89,,,1
SYN-ELV-2302,CD,₹779,53,46,53,,,2
SYN-Plant-2303,EPR,"₹1,954",67,66,83,,,3
SYN-RVSF-2304,Carbon,₹692,38,25,49,,,4
SYN-ELV-2305,CD,₹706,35,32,52,,,5
SYN-Plant-2306,CD,₹856,56,46,65,,,6
SYN-ELV-2307,CD,"₹1,251",57,55,59,,,7
SYN-ELV-2308,SDG,₹693,78,63,95,,,8
SYN-ELV-2309,EPR,"₹1,908",26,18,46,,,9
SYN-ELV-2310,EPR,₹676,75,68,90,,,10
SYN-ELV-2311,EPR,"₹1,167",86,85,95,,,11
SYN-RVSF-2312,SDG,"₹1,279",65,47,71,,,12
SYN-RVSF-2313,SDG,"₹1,067",26,22,46,,,13
SYN-RVSF-2314,Carbon,"₹1,066",43,30,51,,,14
SYN-Plant-2315,CD,₹732,36,23,51,,,15
SYN-ELV-2316,SDG,₹617,80,76,84,,,16
SYN-RVSF-2317,CD,"₹1,174",37,31,53,,,17
SYN-RVSF-2318,EPR,₹860,51,38,56,,,18
SYN-Plant-2319,EPR,"₹1,117",60,49,67,,,19
