category,question,answer,sort_order
mobility,Why did bookings drop in Delhi?,"Bookings dropped due to follow-up leakage at 2 Chennai dealers (42%), competitor promo (14%), finance TAT (10%). Recommend: exchange bonus + follow-up SLA.",0
mobility,What is causing delivery delay in North Zone?,East Zone waiting is elevated by uneven allocation (38% of delay). Reallocate 93 units.,1
mobility,Which factor has highest impact on cancellation?,Finance approval TAT (>4 days) explains 39% of cancellations. Pre-approval for low-risk rural cuts it by 21%.,2
mobility,How can we improve finance-assisted conversions?,"Pair thin-file credit twin with dealer NBA. Expected +4.5% conversion, -1.3% NPA risk.",3
mobility,Where should exchange bonus be targeted?,Target 206 Bolero prospects in South Zone — propensity 24% with current exchange values.,4
mobility,Which dealers leak the most revenue?,Chennai dealers show 33% leakage from stale leads; escalation SLA recovers ~₹233 L/month.,5
mobility,What drives repeat purchase?,Loyalty program + cross-sell timing; CSAT above 63 lifts repeat rate by 6%.,6
mobility,Why are warranty claims spiking?,Component supplier variance on batch B-2395; quarantine recommended.,7
dmrv,Estimate carbon credits for this batch.,"Estimated 275 tCO2e from batch RVSF-Chennai-Q2, of which 74 are verification-ready.",8
dmrv,Which fields are incomplete?,"Missing: origin geo-tag, weight tickets for 240 vehicles, technician attestation for 131 units.",9
dmrv,Is this verification-ready?,"68% ready — after adding origin geo-tags, verification confidence rises to 88%.",10
dmrv,Generate audit summary.,"Audit summary generated. 231 batches, 190 tCO2e, 75% traceable, 3 pending human reviews.",11
dmrv,Which credits should be repriced?,Reprice 141 credits with traceability below 71% — expected closure uplift 11%.,12
dmrv,Show EPR compliance status.,80% of EPR certificates verified; 1 awaiting buyer confirmation.,13
