label,x,y,metric,trend,drivers,action,sort_order
Campaign Spend,50,60,₹2.7 Cr,+4%,"[""Digital-heavy allocation"",""Regional festive push""]",Expand digital handover,0
Lead Quality,180,60,Score 29,+4%,"[""Better source mix"",""Improved landing pages""]",Bundle insurance renewal,1
Dealer Follow-up,320,60,SLA 64%,spike,"[""NBA adoption"",""WhatsApp templates""]",Quarantine batch,2
Test Drive,460,60,64% completion,+2.1,"[""AI scheduler"",""SMS reminders""]",Escalate stale leads > 2h,3
Booking,600,60,12.4%,+4%,"[""Exchange bonus"",""Finance TAT""]",Expand digital handover,4
Finance Approval,50,180,57%,-3.1d,"[""Alt-data model"",""Faster KYC""]",Monitor Q1,5
Vehicle Allocation,180,180,89% utilization,+2%,"[""Demand model"",""Dealer capacity""]",Quarantine batch,6
Delivery Delay,320,180,8.4 d,+8%,"[""Reduced waiting"",""Better allocation""]",Monitor Q1,7
Customer Satisfaction,460,180,NPS 72,+2%,"[""Delivery experience"",""Service quality""]",Increase retargeting,8
Service Experience,600,180,80% CSAT,-3.1d,"[""Bay utilization"",""AR technician guide""]",Bundle offers,9
Warranty Claims,180,300,Batch B-2134 flagged,+2%,"[""Component supplier variance""]",Add Sunday slots,10
Repeat Purchase,460,300,29%,+2%,"[""Loyalty program"",""Cross-sell""]",Increase retargeting,11
