customer,product,dpd,outstanding,roll_forward_risk,channel,action,prob,compliance_flag,status,modified_action,sort_order
Balendra Choudhury,Two-Wheeler Loan,90,₹2.8 L,60,SMS,Negotiated part-payment,31,review,pending,,0
Falguni Dugar,Top-up Loan,88,₹19.6 L,52,Tele-calling,Negotiated part-payment,39,review,pending,,1
Damyanti Majumdar,Commercial Vehicle Loan,69,₹8.3 L,56,Tele-calling,Negotiated part-payment,45,review,pending,,2
Fiyaz Sastry,Commercial Vehicle Loan,3,₹2.4 L,27,Email,IVR nudge,71,ok,pending,,3
Hiral Choudhury,Vehicle Loan,29,₹17.9 L,36,WhatsApp,WhatsApp reminder,56,ok,pending,,4
Divya Krishnan,Two-Wheeler Loan,18,₹3.7 L,35,Tele-calling,WhatsApp reminder,68,ok,pending,,5
Darpan Kalita,Two-Wheeler Loan,113,₹14.5 L,72,WhatsApp,Restructure with 6-month plan,19,review,pending,,6
Harish Sarkar,Two-Wheeler Loan,7,₹7.5 L,26,Email,WhatsApp reminder,74,ok,pending,,7
Eiravati Dada,Commercial Vehicle Loan,112,₹7.3 L,63,SMS,Negotiated part-payment,38,review,pending,,8
Rachana Madan,Commercial Vehicle Loan,173,₹2.6 L,100,Email,Restructure with 6-month plan,0,escalate,pending,,9
Atharv Bhardwaj,Two-Wheeler Loan,69,₹23.9 L,50,SMS,Negotiated part-payment,42,review,pending,,10
Sneha Sachdev,Commercial Vehicle Loan,76,₹3.3 L,53,Tele-calling,Negotiated part-payment,41,review,pending,,11
Anjali Bassi,Two-Wheeler Loan,90,₹21.1 L,64,SMS,Negotiated part-payment,39,review,pending,,12
Aahana Sarin,Vehicle Loan,156,₹6.4 L,88,SMS,Restructure with 6-month plan,9,escalate,pending,,13
Hemangini Mane,Vehicle Loan,70,₹8.4 L,56,Email,Negotiated part-payment,38,review,pending,,14
Ekanta Chada,Vehicle Loan,97,₹3.0 L,64,Field visit,Negotiated part-payment,37,review,pending,,15
Mugdha Edwin,Top-up Loan,173,₹22.1 L,93,IVR,Restructure with 6-month plan,7,escalate,pending,,16
Warhi Badal,Commercial Vehicle Loan,17,₹4.7 L,26,Tele-calling,Tele-calling,64,ok,pending,,17
Udyati Sheth,Vehicle Loan,3,₹15.9 L,19,Field visit,IVR nudge,80,ok,pending,,18
Aadhya Mohan,Vehicle Loan,170,₹13.0 L,88,Tele-calling,Restructure with 6-month plan,5,escalate,pending,,19
Gabriel Jani,Top-up Loan,36,₹11.6 L,44,IVR,IVR nudge,47,ok,pending,,20
Daniel Prakash,Commercial Vehicle Loan,2,₹4.6 L,18,Email,Tele-calling,87,ok,pending,,21
Yagnesh Boase,Top-up Loan,106,₹4.7 L,64,Email,Negotiated part-payment,33,review,pending,,22
Jai Atwal,Top-up Loan,170,₹3.9 L,91,IVR,Restructure with 6-month plan,9,review,pending,,23
Chanakya Bhavsar,Two-Wheeler Loan,42,₹21.1 L,47,IVR,Negotiated part-payment,50,review,pending,,24
Wishi Gill,Top-up Loan,71,₹8.5 L,59,Tele-calling,Negotiated part-payment,41,review,pending,,25
Pahal Golla,Commercial Vehicle Loan,13,₹6.3 L,20,SMS,WhatsApp reminder,83,ok,pending,,26
Laksh Deol,Vehicle Loan,45,₹25.0 L,32,WhatsApp,IVR nudge,64,ok,pending,,27
Amrita Bhatt,Commercial Vehicle Loan,56,₹8.7 L,48,WhatsApp,Negotiated part-payment,53,review,pending,,28
Owen Sekhon,Top-up Loan,22,₹24.3 L,29,Field visit,Tele-calling,70,ok,pending,,29
Bhavya Bobal,Vehicle Loan,18,₹13.6 L,22,Email,Tele-calling,83,ok,pending,,30
Parth Buch,Commercial Vehicle Loan,30,₹23.1 L,34,SMS,WhatsApp reminder,67,ok,pending,,31
Tanish Toor,Commercial Vehicle Loan,106,₹9.8 L,73,SMS,Restructure with 6-month plan,25,review,pending,,32
Hemal Bandi,Two-Wheeler Loan,7,₹24.2 L,24,Field visit,Tele-calling,76,ok,pending,,33
Yuvraj Natarajan,Commercial Vehicle Loan,79,₹18.8 L,62,SMS,Negotiated part-payment,42,review,pending,,34
Yatan Manne,Commercial Vehicle Loan,60,₹19.2 L,55,Field visit,Negotiated part-payment,39,review,pending,,35
Sai Vaidya,Vehicle Loan,63,₹6.1 L,53,Field visit,Negotiated part-payment,46,review,pending,,36
Faqid Choudhury,Commercial Vehicle Loan,68,₹3.9 L,54,Tele-calling,Negotiated part-payment,38,review,pending,,37
Noah Saraf,Top-up Loan,31,₹13.2 L,26,Email,IVR nudge,65,ok,pending,,38
Anita Mane,Commercial Vehicle Loan,43,₹10.2 L,43,Tele-calling,IVR nudge,55,ok,pending,,39
