name,location,income_stability,repayment,products,nba,risk_decomposition,cross_sell,approval_status
Gautam Rai,Nashik,Medium,1 late,"[""Exchange"",""Vehicle Loan"",""Insurance"",""EMI Shield""]","{""headline"":""Offer EMI holiday for 2 months"",""risk"":""Medium"",""expected_margin"":""₹1"",""confidence"":58}","{""credit"":""12%"",""income"":""10%"",""behaviour"":""21%"",""market"":""15%""}","{""Warranty Ext."":""80%"",""Service Plan"":""59%""}",draft
Ayush Chaudhari,Lucknow,High,On-time,"[""Insurance""]","{""headline"":""Pitch insurance renewal bundling"",""risk"":""Low"",""expected_margin"":""₹1"",""confidence"":76}","{""credit"":""23%"",""income"":""7%"",""behaviour"":""6%"",""market"":""15%""}","{""EMI Shield"":""80%"",""Warranty Ext."":""81%""}",approved
Warda Tandon,Chennai,Medium,1 late,"[""Insurance"",""Service Plan""]","{""headline"":""Refer to relationship manager"",""risk"":""Low"",""expected_margin"":""₹0"",""confidence"":62}","{""credit"":""38%"",""income"":""6%"",""behaviour"":""18%"",""market"":""12%""}","{""Vehicle Loan"":""63%"",""Warranty Ext."":""78%"",""Exchange"":""81%""}",draft
Zinal Dara,Ranchi,High,On-time,"[""Insurance"",""Warranty Ext."",""Service Plan"",""Exchange""]","{""headline"":""Send service plan discount"",""risk"":""Low"",""expected_margin"":""₹0"",""confidence"":77}","{""credit"":""30%"",""income"":""15%"",""behaviour"":""5%"",""market"":""9%""}","{""Vehicle Loan"":""71%"",""EMI Shield"":""92%""}",approved
Samesh Palla,Nagpur,Medium,1 late,"[""Service Plan"",""Vehicle Loan""]","{""headline"":""Offer EMI holiday for 2 months"",""risk"":""Medium"",""expected_margin"":""₹1"",""confidence"":64}","{""credit"":""23%"",""income"":""10%"",""behaviour"":""15%"",""market"":""6%""}","{""Exchange"":""79%"",""EMI Shield"":""93%"",""Warranty Ext."":""88%""}",draft
Ishani Hans,Dehradun,Medium,On-time,"[""EMI Shield""]","{""headline"":""Upgrade to premium variant with exchange"",""risk"":""Low"",""expected_margin"":""₹1"",""confidence"":64}","{""credit"":""16%"",""income"":""15%"",""behaviour"":""18%"",""market"":""14%""}","{""Warranty Ext."":""87%"",""Insurance"":""68%"",""Vehicle Loan"":""95%""}",draft
Lipika Chawla,Hyderabad,Medium,On-time,"[""EMI Shield"",""Vehicle Loan""]","{""headline"":""Send service plan discount"",""risk"":""Medium"",""expected_margin"":""₹1"",""confidence"":65}","{""credit"":""26%"",""income"":""15%"",""behaviour"":""19%"",""market"":""13%""}","{""Insurance"":""71%"",""Service Plan"":""76%"",""Warranty Ext."":""92%""}",draft
Irya Dugal,Raipur,High,On-time,"[""Vehicle Loan"",""Exchange""]","{""headline"":""Upgrade to premium variant with exchange"",""risk"":""Medium"",""expected_margin"":""₹1"",""confidence"":79}","{""credit"":""17%"",""income"":""26%"",""behaviour"":""15%"",""market"":""7%""}","{""Service Plan"":""91%"",""Insurance"":""79%""}",approved
Divya Virk,Nashik,Medium,On-time,"[""Insurance"",""Vehicle Loan"",""Service Plan""]","{""headline"":""Offer EMI holiday for 2 months"",""risk"":""Low"",""expected_margin"":""₹1"",""confidence"":65}","{""credit"":""45%"",""income"":""14%"",""behaviour"":""9%"",""market"":""10%""}","{""Warranty Ext."":""89%"",""EMI Shield"":""79%""}",draft
Banjeet Gill,Ludhiana,Medium,On-time,"[""Service Plan"",""EMI Shield"",""Exchange"",""Warranty Ext.""]","{""headline"":""Pre-approve top-up loan"",""risk"":""Medium"",""expected_margin"":""₹1"",""confidence"":68}","{""credit"":""38%"",""income"":""21%"",""behaviour"":""19%"",""market"":""11%""}","{""Vehicle Loan"":""67%"",""Insurance"":""87%""}",draft
Yasti Mallick,Vijayawada,High,On-time,"[""Insurance"",""Vehicle Loan"",""Warranty Ext.""]","{""headline"":""Upgrade to premium variant with exchange"",""risk"":""Medium"",""expected_margin"":""₹0"",""confidence"":73}","{""credit"":""11%"",""income"":""9%"",""behaviour"":""10%"",""market"":""8%""}","{""EMI Shield"":""80%"",""Service Plan"":""76%""}",approved
Adya Saini,Kolkata,High,On-time,"[""Insurance"",""Exchange""]","{""headline"":""Send service plan discount"",""risk"":""Low"",""expected_margin"":""₹1"",""confidence"":71}","{""credit"":""11%"",""income"":""23%"",""behaviour"":""11%"",""market"":""9%""}","{""Vehicle Loan"":""65%"",""Warranty Ext."":""81%"",""EMI Shield"":""92%""}",approved
Shaurya Boase,Mumbai,High,On-time,"[""Service Plan"",""EMI Shield"",""Exchange"",""Warranty Ext.""]","{""headline"":""Refer to relationship manager"",""risk"":""Medium"",""expected_margin"":""₹0"",""confidence"":82}","{""credit"":""44%"",""income"":""19%"",""behaviour"":""5%"",""market"":""5%""}","{""Vehicle Loan"":""70%"",""Insurance"":""64%""}",approved
Siddharth Kala,Lucknow,Medium,1 late,"[""EMI Shield"",""Exchange""]","{""headline"":""Upgrade to premium variant with exchange"",""risk"":""Medium"",""expected_margin"":""₹0"",""confidence"":67}","{""credit"":""29%"",""income"":""5%"",""behaviour"":""11%"",""market"":""6%""}","{""Service Plan"":""67%"",""Vehicle Loan"":""71%"",""Insurance"":""65%""}",draft
Eta Kibe,Coimbatore,High,On-time,"[""Warranty Ext."",""Service Plan"",""EMI Shield""]","{""headline"":""Pitch insurance renewal bundling"",""risk"":""Medium"",""expected_margin"":""₹1"",""confidence"":72}","{""credit"":""29%"",""income"":""30%"",""behaviour"":""21%"",""market"":""10%""}","{""Exchange"":""75%"",""Vehicle Loan"":""74%""}",approved
Vritti Viswanathan,Guwahati,Medium,1 late,"[""Exchange"",""Warranty Ext."",""Insurance"",""EMI Shield""]","{""headline"":""Send service plan discount"",""risk"":""Medium"",""expected_margin"":""₹1"",""confidence"":66}","{""credit"":""27%"",""income"":""6%"",""behaviour"":""24%"",""market"":""10%""}","{""Vehicle Loan"":""86%"",""Service Plan"":""63%""}",draft
Ishanvi Pathak,Ahmedabad,High,On-time,"[""Exchange"",""Vehicle Loan"",""Warranty Ext.""]","{""headline"":""Pre-approve top-up loan"",""risk"":""Low"",""expected_margin"":""₹1"",""confidence"":77}","{""credit"":""17%"",""income"":""26%"",""behaviour"":""5%"",""market"":""10%""}","{""EMI Shield"":""83%"",""Service Plan"":""94%"",""Insurance"":""86%""}",approved
William Wagle,Jaipur,High,On-time,"[""Insurance""]","{""headline"":""Refer to relationship manager"",""risk"":""Low"",""expected_margin"":""₹0"",""confidence"":82}","{""credit"":""23%"",""income"":""5%"",""behaviour"":""19%"",""market"":""8%""}","{""EMI Shield"":""74%"",""Exchange"":""79%"",""Service Plan"":""95%""}",approved
Tanveer Bora,Coimbatore,High,On-time,"[""Exchange"",""EMI Shield"",""Service Plan"",""Warranty Ext.""]","{""headline"":""Pre-approve top-up loan"",""risk"":""Medium"",""expected_margin"":""₹1"",""confidence"":70}","{""credit"":""19%"",""income"":""20%"",""behaviour"":""11%"",""market"":""7%""}","{""Insurance"":""85%"",""Vehicle Loan"":""88%""}",approved
Bachittar Chacko,Bhubaneswar,Medium,On-time,"[""EMI Shield"",""Warranty Ext.""]","{""headline"":""Offer EMI holiday for 2 months"",""risk"":""Medium"",""expected_margin"":""₹1"",""confidence"":64}","{""credit"":""28%"",""income"":""7%"",""behaviour"":""19%"",""market"":""6%""}","{""Vehicle Loan"":""88%"",""Exchange"":""70%"",""Service Plan"":""65%""}",draft
Aarnav Kanda,Nashik,Medium,1 late,"[""Warranty Ext."",""Service Plan"",""Vehicle Loan"",""Exchange""]","{""headline"":""Offer EMI holiday for 2 months"",""risk"":""Low"",""expected_margin"":""₹1"",""confidence"":67}","{""credit"":""40%"",""income"":""14%"",""behaviour"":""21%"",""market"":""6%""}","{""EMI Shield"":""74%"",""Insurance"":""71%""}",draft
Ekaraj Sengupta,Chandigarh,High,On-time,"[""Warranty Ext."",""Insurance"",""Vehicle Loan"",""Exchange""]","{""headline"":""Offer EMI holiday for 2 months"",""risk"":""Medium"",""expected_margin"":""₹1"",""confidence"":85}","{""credit"":""35%"",""income"":""7%"",""behaviour"":""21%"",""market"":""14%""}","{""Service Plan"":""89%"",""EMI Shield"":""75%""}",approved
Quincy Gandhi,Coimbatore,Medium,1 late,"[""Insurance"",""Warranty Ext.""]","{""headline"":""Refer to relationship manager"",""risk"":""Medium"",""expected_margin"":""₹0"",""confidence"":69}","{""credit"":""16%"",""income"":""11%"",""behaviour"":""19%"",""market"":""5%""}","{""Exchange"":""89%"",""Service Plan"":""91%""}",draft
Yuvraj Wali,Guwahati,High,On-time,"[""Warranty Ext."",""Exchange"",""Insurance""]","{""headline"":""Send service plan discount"",""risk"":""Low"",""expected_margin"":""₹1"",""confidence"":75}","{""credit"":""13%"",""income"":""30%"",""behaviour"":""10%"",""market"":""9%""}","{""Vehicle Loan"":""71%"",""Service Plan"":""77%""}",approved
Zashil Dara,Indore,High,On-time,"[""Warranty Ext."",""Insurance"",""EMI Shield""]","{""headline"":""Offer EMI holiday for 2 months"",""risk"":""Low"",""expected_margin"":""₹1"",""confidence"":76}","{""credit"":""30%"",""income"":""16%"",""behaviour"":""18%"",""market"":""3%""}","{""Vehicle Loan"":""69%"",""Service Plan"":""90%""}",approved
Vrinda Kamdar,Jaipur,Medium,1 late,"[""Exchange"",""Vehicle Loan""]","{""headline"":""Refer to relationship manager"",""risk"":""Medium"",""expected_margin"":""₹0"",""confidence"":68}","{""credit"":""20%"",""income"":""11%"",""behaviour"":""22%"",""market"":""10%""}","{""Insurance"":""73%"",""EMI Shield"":""86%""}",draft
Qadim Baral,Hyderabad,Medium,1 late,"[""Vehicle Loan"",""Warranty Ext.""]","{""headline"":""Pitch insurance renewal bundling"",""risk"":""Medium"",""expected_margin"":""₹1"",""confidence"":65}","{""credit"":""38%"",""income"":""17%"",""behaviour"":""17%"",""market"":""12%""}","{""Exchange"":""82%"",""Service Plan"":""73%""}",draft
Ranveer Chandra,Ranchi,Medium,1 late,"[""Insurance"",""Exchange"",""Vehicle Loan"",""Service Plan""]","{""headline"":""Offer EMI holiday for 2 months"",""risk"":""Medium"",""expected_margin"":""₹0"",""confidence"":63}","{""credit"":""11%"",""income"":""30%"",""behaviour"":""5%"",""market"":""15%""}","{""EMI Shield"":""83%"",""Warranty Ext."":""85%""}",draft
Zaid Sem,Indore,Medium,On-time,"[""EMI Shield"",""Service Plan"",""Exchange"",""Insurance""]","{""headline"":""Refer to relationship manager"",""risk"":""Medium"",""expected_margin"":""₹1"",""confidence"":63}","{""credit"":""36%"",""income"":""14%"",""behaviour"":""5%"",""market"":""7%""}","{""Vehicle Loan"":""64%"",""Warranty Ext."":""60%""}",draft
David Rout,Lucknow,Medium,1 late,"[""Service Plan"",""Insurance"",""Vehicle Loan"",""Exchange""]","{""headline"":""Pitch insurance renewal bundling"",""risk"":""Medium"",""expected_margin"":""₹1"",""confidence"":65}","{""credit"":""30%"",""income"":""8%"",""behaviour"":""9%"",""market"":""9%""}","{""Warranty Ext."":""74%"",""EMI Shield"":""82%""}",draft
Xiti Krishna,Bengaluru,Medium,On-time,"[""Exchange"",""Service Plan"",""EMI Shield"",""Insurance""]","{""headline"":""Offer EMI holiday for 2 months"",""risk"":""Low"",""expected_margin"":""₹1"",""confidence"":57}","{""credit"":""28%"",""income"":""19%"",""behaviour"":""21%"",""market"":""7%""}","{""Vehicle Loan"":""77%"",""Warranty Ext."":""80%""}",draft
Theodore Jayaraman,Bhubaneswar,Medium,1 late,"[""Insurance"",""Exchange"",""EMI Shield""]","{""headline"":""Send service plan discount"",""risk"":""Medium"",""expected_margin"":""₹0"",""confidence"":61}","{""credit"":""16%"",""income"":""26%"",""behaviour"":""15%"",""market"":""10%""}","{""Warranty Ext."":""70%"",""Service Plan"":""82%"",""Vehicle Loan"":""82%""}",draft
Nikita Kara,Indore,High,On-time,"[""Warranty Ext.""]","{""headline"":""Pitch insurance renewal bundling"",""risk"":""Low"",""expected_margin"":""₹1"",""confidence"":78}","{""credit"":""21%"",""income"":""20%"",""behaviour"":""25%"",""market"":""6%""}","{""EMI Shield"":""87%"",""Vehicle Loan"":""90%"",""Service Plan"":""88%""}",approved
Ekani Dhingra,Lucknow,High,On-time,"[""Vehicle Loan"",""Insurance"",""Service Plan"",""Warranty Ext.""]","{""headline"":""Pitch insurance renewal bundling"",""risk"":""Medium"",""expected_margin"":""₹0"",""confidence"":77}","{""credit"":""34%"",""income"":""25%"",""behaviour"":""14%"",""market"":""9%""}","{""EMI Shield"":""94%"",""Exchange"":""74%""}",approved
Radhika Arya,Hyderabad,High,On-time,"[""Service Plan"",""EMI Shield"",""Vehicle Loan""]","{""headline"":""Pre-approve top-up loan"",""risk"":""Medium"",""expected_margin"":""₹0"",""confidence"":77}","{""credit"":""24%"",""income"":""15%"",""behaviour"":""7%"",""market"":""2%""}","{""Warranty Ext."":""93%"",""Exchange"":""88%""}",approved
Thomas Jaggi,Guwahati,Medium,1 late,"[""Service Plan"",""Exchange""]","{""headline"":""Pitch insurance renewal bundling"",""risk"":""Low"",""expected_margin"":""₹0"",""confidence"":67}","{""credit"":""44%"",""income"":""13%"",""behaviour"":""23%"",""market"":""6%""}","{""Warranty Ext."":""70%"",""Vehicle Loan"":""93%""}",draft
Tejas Halder,Surat,High,On-time,"[""Vehicle Loan"",""Service Plan""]","{""headline"":""Offer EMI holiday for 2 months"",""risk"":""Low"",""expected_margin"":""₹1"",""confidence"":73}","{""credit"":""39%"",""income"":""20%"",""behaviour"":""24%"",""market"":""6%""}","{""Exchange"":""64%"",""EMI Shield"":""79%""}",approved
Ekta Naik,Jaipur,High,On-time,"[""Warranty Ext.""]","{""headline"":""Pitch insurance renewal bundling"",""risk"":""Low"",""expected_margin"":""₹0"",""confidence"":78}","{""credit"":""34%"",""income"":""22%"",""behaviour"":""25%"",""market"":""4%""}","{""Service Plan"":""90%"",""Vehicle Loan"":""76%"",""Exchange"":""95%""}",approved
Aryan Tank,Vijayawada,High,On-time,"[""Insurance"",""Vehicle Loan""]","{""headline"":""Upgrade to premium variant with exchange"",""risk"":""Low"",""expected_margin"":""₹1"",""confidence"":73}","{""credit"":""41%"",""income"":""5%"",""behaviour"":""9%"",""market"":""13%""}","{""EMI Shield"":""92%"",""Warranty Ext."":""95%"",""Service Plan"":""88%""}",approved
Yagnesh Baria,Ranchi,High,On-time,"[""Vehicle Loan""]","{""headline"":""Offer EMI holiday for 2 months"",""risk"":""Low"",""expected_margin"":""₹1"",""confidence"":70}","{""credit"":""32%"",""income"":""9%"",""behaviour"":""15%"",""market"":""14%""}","{""Warranty Ext."":""69%"",""EMI Shield"":""68%""}",approved
Oscar Mohanty,Nashik,Medium,1 late,"[""Insurance"",""EMI Shield"",""Vehicle Loan""]","{""headline"":""Refer to relationship manager"",""risk"":""Low"",""expected_margin"":""₹1"",""confidence"":69}","{""credit"":""31%"",""income"":""17%"",""behaviour"":""17%"",""market"":""7%""}","{""Exchange"":""68%"",""Warranty Ext."":""85%""}",draft
Lohit Bali,Delhi,High,On-time,"[""Vehicle Loan"",""EMI Shield"",""Service Plan"",""Exchange""]","{""headline"":""Offer EMI holiday for 2 months"",""risk"":""Low"",""expected_margin"":""₹2"",""confidence"":83}","{""credit"":""17%"",""income"":""30%"",""behaviour"":""18%"",""market"":""4%""}","{""Warranty Ext."":""71%"",""Insurance"":""87%""}",approved
Varsha Ramakrishnan,Bengaluru,Medium,On-time,"[""Insurance"",""EMI Shield"",""Service Plan""]","{""headline"":""Upgrade to premium variant with exchange"",""risk"":""Low"",""expected_margin"":""₹1"",""confidence"":65}","{""credit"":""19%"",""income"":""29%"",""behaviour"":""15%"",""market"":""8%""}","{""Vehicle Loan"":""88%"",""Warranty Ext."":""76%"",""Exchange"":""86%""}",draft
Lila Sami,Ranchi,High,On-time,"[""Insurance"",""Vehicle Loan"",""Service Plan""]","{""headline"":""Refer to relationship manager"",""risk"":""Low"",""expected_margin"":""₹2"",""confidence"":70}","{""credit"":""27%"",""income"":""14%"",""behaviour"":""22%"",""market"":""4%""}","{""Exchange"":""89%"",""Warranty Ext."":""87%""}",approved
Samuel Sharma,Ahmedabad,High,On-time,"[""Insurance""]","{""headline"":""Pre-approve top-up loan"",""risk"":""Low"",""expected_margin"":""₹1"",""confidence"":74}","{""credit"":""17%"",""income"":""11%"",""behaviour"":""7%"",""market"":""10%""}","{""Service Plan"":""73%"",""Warranty Ext."":""82%""}",approved
Yatan Sethi,Ludhiana,High,On-time,"[""Service Plan"",""Vehicle Loan"",""Warranty Ext.""]","{""headline"":""Pre-approve top-up loan"",""risk"":""Low"",""expected_margin"":""₹1"",""confidence"":73}","{""credit"":""35%"",""income"":""17%"",""behaviour"":""9%"",""market"":""15%""}","{""Exchange"":""95%"",""Insurance"":""85%""}",approved
Sathvik Goyal,Coimbatore,Medium,1 late,"[""Exchange"",""Insurance""]","{""headline"":""Pre-approve top-up loan"",""risk"":""Medium"",""expected_margin"":""₹2"",""confidence"":64}","{""credit"":""24%"",""income"":""9%"",""behaviour"":""15%"",""market"":""3%""}","{""Warranty Ext."":""68%"",""Vehicle Loan"":""86%""}",draft
Gayathri Luthra,Kolkata,Medium,On-time,"[""Service Plan"",""EMI Shield""]","{""headline"":""Offer EMI holiday for 2 months"",""risk"":""Medium"",""expected_margin"":""₹1"",""confidence"":56}","{""credit"":""12%"",""income"":""18%"",""behaviour"":""23%"",""market"":""15%""}","{""Vehicle Loan"":""71%"",""Warranty Ext."":""83%"",""Insurance"":""84%""}",draft
