name,customers,risk,cross_sell,opportunity,sort_order
Vehicle Loan,32K,23% low,+8.9%,Target 1182 thin-file customers with alt-data,0
Two-Wheeler Loan,21K,62% low,+8.4%,Bundle with XUV700 festive offer,1
Commercial Vehicle Loan,20K,50% low,+8.4%,Bundle with XUV700 festive offer,2
Loan Protection Insurance,58K,67% low,+6.1%,Bundle with XUV700 festive offer,3
Comprehensive Vehicle Insurance,39K,47% low,+3.1%,Target 879 thin-file customers with alt-data,4
EMI Shield,3K,47% low,+3.0%,Reduce TAT to lift conversion by 5.3%,5
Extended Warranty,27K,60% low,+7.2%,Renewal wave next quarter: 3742 policies,6
Service Plan Bundle,10K,39% low,+5.9%,Bundle with XUV700 festive offer,7
Exchange Bonus Program,20K,50% low,+9.9%,Target 3583 thin-file customers with alt-data,8
Top-up Loan,12K,37% low,+3.7%,Renewal wave next quarter: 3450 policies,9
