kpi_code,driver_text,sort_order
rev,Nagpur Auto Galaxy booking conversion +10%,0
rev,Delhi Motors booking conversion +16%,1
rev,Rural low-risk finance approval +12%,2
rev,Dealer follow-up leakage -13%,3
leak,"3,548 leads scored across 24 dealers",0
leak,733 hot leads actioned in SLA,1
book,13 converted leads in funnel,0
book,Test-drive SLA adherence 77%,1
fin,Alt-data scoring on thin files,0
fin,KYC TAT reduced to 4 days,1
del,Rebalanced West Zone allocation,0
del,Waiting list normalized post-festive,1
csat,Delivery experience improvements,0
csat,AR technician guide rollout,1
