name,sla_risk,delay_prob,cost,recommended_action,rerouted,rerouted_at,auto_healed,sort_order
Surat → Lucknow,90,78,₹4.9 L,Split load via air for priority SKUs,false,,false,0
Nagpur → Delhi,33,23,₹7.7 L,Add buffer stock at destination hub,false,,false,1
Coimbatore → Surat,100,90,₹8.9 L,Split load via air for priority SKUs,false,,false,2
Ahmedabad → Vijayawada,50,35,₹2.3 L,Consolidate with return leg,false,,false,3
Dehradun → Delhi,7,16,₹3.8 L,Pre-dispatch 4h earlier via alternate corridor,false,,false,4
Ranchi → Bengaluru,41,29,₹8.8 L,Shift 20% volume to rail,false,,false,5
Bengaluru → Ludhiana,72,58,₹2.5 L,Add buffer stock at destination hub,false,,false,6
Nagpur → Hyderabad,30,16,₹5.9 L,Shift 20% volume to rail,false,,false,7
Raipur → Nashik,37,39,₹4.2 L,Shift 20% volume to rail,false,,false,8
Pune → Surat,69,57,₹3.7 L,Keep route; monitor weather window,false,,false,9
Patna → Pune,48,49,₹2.3 L,Pre-dispatch 4h earlier via alternate corridor,false,,false,10
Hyderabad → Kolkata,15,19,₹8.4 L,Split load via air for priority SKUs,false,,false,11
