notification_code,tone,title,body,module,read,created_at
NTF-SYN-00001,info,Simulation completed,What-if run finished with 20% confidence,dealer,true,2026-07-31T19:17:00+00:00
NTF-SYN-00002,danger,Collections escalation,26 DPD>60 accounts need human review,simulation,true,2026-07-15T17:42:00+00:00
NTF-SYN-00003,info,Simulation completed,What-if run finished with 22% confidence,dealer,true,2026-07-20T14:31:00+00:00
NTF-SYN-00004,info,Test drive scheduled,New test drive slot booked at Kolkata Mobility Hub,finance,false,2026-07-28T08:07:00+00:00
NTF-SYN-00005,warning,SLA breach risk,Route SLA risk above 70% — reroute recommended,dealer,false,2026-07-22T12:04:00+00:00
NTF-SYN-00006,success,Lead converted,Hot lead converted at Guwahati Auto Prime,finance,false,2026-07-22T13:20:00+00:00
NTF-SYN-00007,success,Recommendation approved,AI recommendation REC-SYN-035 approved,simulation,true,2026-07-15T16:42:00+00:00
NTF-SYN-00008,info,Credit repriced,Low-traceability carbon credit repriced (+2% closure),circularity,true,2026-07-27T14:43:00+00:00
NTF-SYN-00009,info,Simulation completed,What-if run finished with 11% confidence,circularity,false,2026-07-22T08:03:00+00:00
NTF-SYN-00010,info,Credit repriced,Low-traceability carbon credit repriced (+7% closure),circularity,true,2026-07-31T18:07:00+00:00
NTF-SYN-00011,info,Credit repriced,Low-traceability carbon credit repriced (+19% closure),circularity,false,2026-07-28T16:10:00+00:00
NTF-SYN-00012,info,Credit repriced,Low-traceability carbon credit repriced (+17% closure),overview,true,2026-07-21T08:28:00+00:00
NTF-SYN-00013,info,Simulation completed,What-if run finished with 7% confidence,finance,false,2026-07-19T13:42:00+00:00
NTF-SYN-00014,danger,Collections escalation,12 DPD>60 accounts need human review,overview,false,2026-07-21T15:38:00+00:00
NTF-SYN-00015,warning,SLA breach risk,Route SLA risk above 70% — reroute recommended,simulation,true,2026-07-19T13:49:00+00:00
NTF-SYN-00016,success,Lead converted,Hot lead converted at Kolkata Mobility Hub,dealer,false,2026-07-24T16:59:00+00:00
NTF-SYN-00017,info,Credit repriced,Low-traceability carbon credit repriced (+3% closure),simulation,false,2026-07-30T16:37:00+00:00
NTF-SYN-00018,success,Recommendation approved,AI recommendation REC-SYN-003 approved,finance,true,2026-07-31T11:41:00+00:00
NTF-SYN-00019,success,Recommendation approved,AI recommendation REC-SYN-028 approved,overview,false,2026-07-16T17:56:00+00:00
NTF-SYN-00020,info,Simulation completed,What-if run finished with 17% confidence,finance,false,2026-07-27T12:35:00+00:00
NTF-SYN-00021,info,Credit repriced,Low-traceability carbon credit repriced (+33% closure),logistics,false,2026-07-31T19:57:00+00:00
NTF-SYN-00022,info,Simulation completed,What-if run finished with 23% confidence,circularity,true,2026-07-16T17:55:00+00:00
NTF-SYN-00023,warning,Follow-up SLA breach,Ludhiana Auto Galaxy has 38 stale leads (> 48h) — escalate now,finance,false,2026-07-17T20:30:00+00:00
NTF-SYN-00024,warning,SLA breach risk,Route SLA risk above 70% — reroute recommended,logistics,false,2026-07-17T14:31:00+00:00
NTF-SYN-00025,warning,SLA breach risk,Route SLA risk above 70% — reroute recommended,overview,false,2026-07-23T13:40:00+00:00
NTF-SYN-00026,info,Test drive scheduled,New test drive slot booked at Jaipur Mobility Hub,dealer,true,2026-07-27T14:05:00+00:00
NTF-SYN-00027,success,Lead converted,Hot lead converted at Guwahati Auto Prime,circularity,true,2026-07-15T16:36:00+00:00
NTF-SYN-00028,success,Lead converted,Hot lead converted at Surat Wheels,overview,false,2026-07-18T16:58:00+00:00
NTF-SYN-00029,warning,Follow-up SLA breach,Jaipur Auto Galaxy has 22 stale leads (> 48h) — escalate now,logistics,false,2026-07-19T10:05:00+00:00
NTF-SYN-00030,info,Test drive scheduled,New test drive slot booked at Ranchi SUV Center,dealer,false,2026-07-30T18:20:00+00:00
NTF-SYN-00031,success,Lead converted,Hot lead converted at Kolkata Wheels,simulation,false,2026-07-31T11:41:00+00:00
NTF-SYN-00032,info,Credit repriced,Low-traceability carbon credit repriced (+9% closure),dealer,true,2026-07-17T12:52:00+00:00
NTF-SYN-00033,info,Credit repriced,Low-traceability carbon credit repriced (+15% closure),dealer,true,2026-07-15T16:09:00+00:00
NTF-SYN-00034,info,Test drive scheduled,New test drive slot booked at Raipur Auto Galaxy,dealer,false,2026-07-28T08:27:00+00:00
NTF-SYN-00035,warning,SLA breach risk,Route SLA risk above 70% — reroute recommended,simulation,false,2026-07-21T13:21:00+00:00
NTF-SYN-00036,danger,Collections escalation,10 DPD>60 accounts need human review,overview,true,2026-07-22T20:28:00+00:00
NTF-SYN-00037,warning,SLA breach risk,Route SLA risk above 70% — reroute recommended,circularity,false,2026-07-20T12:07:00+00:00
NTF-SYN-00038,success,Recommendation approved,AI recommendation REC-SYN-003 approved,dealer,false,2026-07-16T17:31:00+00:00
NTF-SYN-00039,success,Recommendation approved,AI recommendation REC-SYN-033 approved,circularity,false,2026-07-27T14:26:00+00:00
NTF-SYN-00040,info,Credit repriced,Low-traceability carbon credit repriced (+10% closure),overview,false,2026-07-17T15:18:00+00:00
NTF-SYN-00041,success,Recommendation approved,AI recommendation REC-SYN-030 approved,finance,false,2026-07-22T15:49:00+00:00
NTF-SYN-00042,danger,Collections escalation,31 DPD>60 accounts need human review,dealer,false,2026-07-17T13:12:00+00:00
NTF-SYN-00043,info,Test drive scheduled,New test drive slot booked at Surat Wheels,logistics,false,2026-07-29T19:04:00+00:00
NTF-SYN-00044,info,Credit repriced,Low-traceability carbon credit repriced (+27% closure),finance,true,2026-07-20T09:31:00+00:00
NTF-SYN-00045,info,Credit repriced,Low-traceability carbon credit repriced (+5% closure),dealer,true,2026-07-24T10:26:00+00:00
NTF-SYN-00046,info,Simulation completed,What-if run finished with 30% confidence,dealer,false,2026-07-26T16:00:00+00:00
NTF-SYN-00047,warning,SLA breach risk,Route SLA risk above 70% — reroute recommended,simulation,false,2026-07-23T18:03:00+00:00
NTF-SYN-00048,danger,Collections escalation,15 DPD>60 accounts need human review,finance,false,2026-07-21T18:21:00+00:00
NTF-SYN-00049,success,Lead converted,Hot lead converted at Surat SUV Center,finance,false,2026-07-23T14:03:00+00:00
NTF-SYN-00050,info,Test drive scheduled,New test drive slot booked at Surat Wheels,finance,false,2026-07-25T12:22:00+00:00
