domain,inputs,outputs,confidence
auto_sales,"{""region"":""South"",""model"":""Bolero"",""discount"":5.6,""bonus"":40000,""campaign"":3.3,""intensity"":""High""}","{""uplift"":1484,""margin"":0,""cancel"":7,""rev"":26712,""conf"":85,""recommendedAction"":""Increase exchange bonus in high-propensity segments""}",85
dealer_allocation,"{""units"":189,""demand"":42,""capacity"":43,""wait"":36}","{""delay"":14,""rev"":3024,""csat"":76,""suggestedSplit"":""West 41% · North 33% · South 26%""}",75
collections,"{""risk"":""High"",""channel"":""Voice"",""offer"":""Waiver"",""field"":59}","{""prob"":56,""cost"":89,""friction"":35,""net"":1}",75
logistics_delay,"{""route"":""Mumbai → Pune"",""warehouse"":79,""vehicle"":38,""weather"":49,""sla"":""Low""}","{""delay"":41,""breach"":31,""reroute"":""Via Nagpur bypass"",""cost"":35096}",
credit_pricing,"{""type"":""Carbon"",""supply"":43,""demand"":13,""trace"":51,""verif"":91}","{""priceBandLow"":271,""priceBandHigh"":441,""closure"":47,""match"":54,""complianceRisk"":""Low""}",
auto_sales,"{""region"":""West"",""model"":""XUV 3XO"",""discount"":1.9,""bonus"":45000,""campaign"":4.5,""intensity"":""Low""}","{""uplift"":897,""margin"":23,""cancel"":9,""rev"":16146,""conf"":67,""recommendedAction"":""Hold current pricing; monitor weekly""}",67
dealer_allocation,"{""units"":354,""demand"":72,""capacity"":98,""wait"":45}","{""delay"":18,""rev"":7434,""csat"":72,""suggestedSplit"":""West 31% · North 32% · South 37%""}",75
collections,"{""risk"":""Medium"",""channel"":""Digital"",""offer"":""Restructure"",""field"":74}","{""prob"":76,""cost"":86,""friction"":20,""net"":27}",79
logistics_delay,"{""route"":""Nagpur → Indore"",""warehouse"":32,""vehicle"":86,""weather"":3,""sla"":""High""}","{""delay"":10,""breach"":22,""reroute"":""Keep primary corridor"",""cost"":14830}",
credit_pricing,"{""type"":""Carbon"",""supply"":92,""demand"":87,""trace"":25,""verif"":45}","{""priceBandLow"":395,""priceBandHigh"":644,""closure"":48,""match"":79,""complianceRisk"":""High""}",
auto_sales,"{""region"":""North"",""model"":""Bolero"",""discount"":5.9,""bonus"":55000,""campaign"":1.2,""intensity"":""High""}","{""uplift"":1301,""margin"":0,""cancel"":8,""rev"":23418,""conf"":80,""recommendedAction"":""Increase exchange bonus in high-propensity segments""}",80
dealer_allocation,"{""units"":279,""demand"":75,""capacity"":99,""wait"":6}","{""delay"":2,""rev"":5301,""csat"":88,""suggestedSplit"":""West 36% · North 27% · South 37%""}",74
collections,"{""risk"":""Low"",""channel"":""Digital"",""offer"":""Settlement"",""field"":96}","{""prob"":96,""cost"":108,""friction"":45,""net"":27}",67
logistics_delay,"{""route"":""Kolkata → Ranchi"",""warehouse"":64,""vehicle"":85,""weather"":39,""sla"":""Low""}","{""delay"":24,""breach"":14,""reroute"":""Keep primary corridor"",""cost"":28608}",
credit_pricing,"{""type"":""EPR"",""supply"":51,""demand"":23,""trace"":15,""verif"":23}","{""priceBandLow"":247,""priceBandHigh"":518,""closure"":31,""match"":57,""complianceRisk"":""High""}",
auto_sales,"{""region"":""South"",""model"":""Bolero"",""discount"":1.6,""bonus"":0,""campaign"":1.0,""intensity"":""High""}","{""uplift"":448,""margin"":26,""cancel"":11,""rev"":8064,""conf"":68,""recommendedAction"":""Hold current pricing; monitor weekly""}",68
dealer_allocation,"{""units"":71,""demand"":84,""capacity"":100,""wait"":9}","{""delay"":4,""rev"":1207,""csat"":86,""suggestedSplit"":""West 31% · North 20% · South 49%""}",64
collections,"{""risk"":""Low"",""channel"":""Digital"",""offer"":""Waiver"",""field"":78}","{""prob"":96,""cost"":90,""friction"":35,""net"":40}",77
logistics_delay,"{""route"":""Mumbai → Pune"",""warehouse"":46,""vehicle"":34,""weather"":21,""sla"":""Medium""}","{""delay"":30,""breach"":30,""reroute"":""Via Nagpur bypass"",""cost"":41160}",
credit_pricing,"{""type"":""Circular Materials"",""supply"":26,""demand"":59,""trace"":68,""verif"":13}","{""priceBandLow"":666,""priceBandHigh"":950,""closure"":59,""match"":69,""complianceRisk"":""High""}",
auto_sales,"{""region"":""North"",""model"":""XUV700"",""discount"":4.3,""bonus"":20000,""campaign"":4.1,""intensity"":""Medium""}","{""uplift"":1286,""margin"":1,""cancel"":8,""rev"":23148,""conf"":70,""recommendedAction"":""Increase exchange bonus in high-propensity segments""}",70
dealer_allocation,"{""units"":306,""demand"":62,""capacity"":80,""wait"":15}","{""delay"":6,""rev"":4590,""csat"":84,""suggestedSplit"":""West 42% · North 21% · South 37%""}",69
collections,"{""risk"":""High"",""channel"":""Digital"",""offer"":""Settlement"",""field"":42}","{""prob"":56,""cost"":54,""friction"":45,""net"":14}",69
logistics_delay,"{""route"":""Mumbai → Pune"",""warehouse"":18,""vehicle"":77,""weather"":8,""sla"":""Low""}","{""delay"":11,""breach"":1,""reroute"":""Keep primary corridor"",""cost"":12298}",
credit_pricing,"{""type"":""EPR"",""supply"":85,""demand"":86,""trace"":94,""verif"":66}","{""priceBandLow"":500,""priceBandHigh"":848,""closure"":56,""match"":78,""complianceRisk"":""Medium""}",
