bucket_name,name,problem,solution,differentiator,impact,sort_order
Revenue Intelligence,Alt-data underwriting — Dealer Network,Underwrite thin-file customers with alternate data across the dealer network.,Explainable risk decomposition powering alt-data underwriting for the dealer network.,Mahindra group data fabric + causal explanations tuned to the dealer network.,+21.0% approvals,0
Revenue Intelligence,Dynamic pricing — Dealer Network,Reprice credits & offers with demand signals across the dealer network.,Buyer-match intelligence powering dynamic pricing for the dealer network.,Mahindra group data fabric + causal explanations tuned to the dealer network.,+12.0% closure,1
Revenue Intelligence,Anomaly detection — Dealer Network,Detect operational anomalies in real time across the dealer network.,Auto-heal workflows powering anomaly detection for the dealer network.,Mahindra group data fabric + causal explanations tuned to the dealer network.,-18.0% breaches,2
Revenue Intelligence,Anomaly detection 2 — Dealer Network,Detect operational anomalies in real time across the dealer network.,Auto-heal workflows powering anomaly detection for the dealer network.,Mahindra group data fabric + causal explanations tuned to the dealer network.,-12.0% breaches,3
Credit & Risk Intelligence,Demand forecasting — Loan Book,Forecast demand at dealer-model granularity across the loan book.,Causal driver explanations powering demand forecasting for the loan book.,Mahindra group data fabric + causal explanations tuned to the loan book.,+30.0% forecast accuracy,4
Credit & Risk Intelligence,Anomaly detection — Loan Book,Detect operational anomalies in real time across the loan book.,Auto-heal workflows powering anomaly detection for the loan book.,Mahindra group data fabric + causal explanations tuned to the loan book.,-27.0% breaches,5
Credit & Risk Intelligence,Dynamic pricing — Loan Book,Reprice credits & offers with demand signals across the loan book.,Buyer-match intelligence powering dynamic pricing for the loan book.,Mahindra group data fabric + causal explanations tuned to the loan book.,+15.0% closure,6
Recovery Optimization,Demand forecasting — Recovery Pipeline,Forecast demand at dealer-model granularity across the recovery pipeline.,Causal driver explanations powering demand forecasting for the recovery pipeline.,Mahindra group data fabric + causal explanations tuned to the recovery pipeline.,+22.0% forecast accuracy,7
Recovery Optimization,Lead scoring — Recovery Pipeline,Score every lead on conversion propensity across the recovery pipeline.,NBA next-action engine powering lead scoring for the recovery pipeline.,Mahindra group data fabric + causal explanations tuned to the recovery pipeline.,+29.0% conversion,8
Recovery Optimization,Churn prediction — Recovery Pipeline,Predict cancellation risk before booking loss across the recovery pipeline.,Intervention playbooks powering churn prediction for the recovery pipeline.,Mahindra group data fabric + causal explanations tuned to the recovery pipeline.,-10.0% cancellations,9
Supply Chain Control Tower,Lead scoring — Freight Corridors,Score every lead on conversion propensity across the freight corridors.,NBA next-action engine powering lead scoring for the freight corridors.,Mahindra group data fabric + causal explanations tuned to the freight corridors.,+16.0% conversion,10
Supply Chain Control Tower,Demand forecasting — Freight Corridors,Forecast demand at dealer-model granularity across the freight corridors.,Causal driver explanations powering demand forecasting for the freight corridors.,Mahindra group data fabric + causal explanations tuned to the freight corridors.,+27.0% forecast accuracy,11
Supply Chain Control Tower,Churn prediction — Freight Corridors,Predict cancellation risk before booking loss across the freight corridors.,Intervention playbooks powering churn prediction for the freight corridors.,Mahindra group data fabric + causal explanations tuned to the freight corridors.,-15.0% cancellations,12
Supply Chain Control Tower,Dynamic pricing — Freight Corridors,Reprice credits & offers with demand signals across the freight corridors.,Buyer-match intelligence powering dynamic pricing for the freight corridors.,Mahindra group data fabric + causal explanations tuned to the freight corridors.,+15.0% closure,13
Supply Chain Control Tower,Anomaly detection — Freight Corridors,Detect operational anomalies in real time across the freight corridors.,Auto-heal workflows powering anomaly detection for the freight corridors.,Mahindra group data fabric + causal explanations tuned to the freight corridors.,-23.0% breaches,14
Circular Value Recovery,Lead scoring — Credit Marketplace,Score every lead on conversion propensity across the credit marketplace.,NBA next-action engine powering lead scoring for the credit marketplace.,Mahindra group data fabric + causal explanations tuned to the credit marketplace.,+15.0% conversion,15
Circular Value Recovery,Document intelligence — Credit Marketplace,Extract & verify documents automatically across the credit marketplace.,Audit-grade lineage powering document intelligence for the credit marketplace.,Mahindra group data fabric + causal explanations tuned to the credit marketplace.,-23.0% TAT,16
Circular Value Recovery,Alt-data underwriting — Credit Marketplace,Underwrite thin-file customers with alternate data across the credit marketplace.,Explainable risk decomposition powering alt-data underwriting for the credit marketplace.,Mahindra group data fabric + causal explanations tuned to the credit marketplace.,+14.0% approvals,17
Circular Value Recovery,Dynamic pricing — Credit Marketplace,Reprice credits & offers with demand signals across the credit marketplace.,Buyer-match intelligence powering dynamic pricing for the credit marketplace.,Mahindra group data fabric + causal explanations tuned to the credit marketplace.,+26.0% closure,18
Trust & Compliance,Lead scoring — Decision Ledger,Score every lead on conversion propensity across the decision ledger.,NBA next-action engine powering lead scoring for the decision ledger.,Mahindra group data fabric + causal explanations tuned to the decision ledger.,+28.0% conversion,19
Trust & Compliance,Dynamic pricing — Decision Ledger,Reprice credits & offers with demand signals across the decision ledger.,Buyer-match intelligence powering dynamic pricing for the decision ledger.,Mahindra group data fabric + causal explanations tuned to the decision ledger.,+8.0% closure,20
Trust & Compliance,Churn prediction — Decision Ledger,Predict cancellation risk before booking loss across the decision ledger.,Intervention playbooks powering churn prediction for the decision ledger.,Mahindra group data fabric + causal explanations tuned to the decision ledger.,-13.0% cancellations,21
Trust & Compliance,Demand forecasting — Decision Ledger,Forecast demand at dealer-model granularity across the decision ledger.,Causal driver explanations powering demand forecasting for the decision ledger.,Mahindra group data fabric + causal explanations tuned to the decision ledger.,+26.0% forecast accuracy,22
Conversational Analytics,Churn prediction — Analytics Copilot,Predict cancellation risk before booking loss across the analytics copilot.,Intervention playbooks powering churn prediction for the analytics copilot.,Mahindra group data fabric + causal explanations tuned to the analytics copilot.,-21.0% cancellations,23
Conversational Analytics,Document intelligence — Analytics Copilot,Extract & verify documents automatically across the analytics copilot.,Audit-grade lineage powering document intelligence for the analytics copilot.,Mahindra group data fabric + causal explanations tuned to the analytics copilot.,-16.0% TAT,24
Conversational Analytics,Document intelligence 2 — Analytics Copilot,Extract & verify documents automatically across the analytics copilot.,Audit-grade lineage powering document intelligence for the analytics copilot.,Mahindra group data fabric + causal explanations tuned to the analytics copilot.,-26.0% TAT,25
Conversational Analytics,Anomaly detection — Analytics Copilot,Detect operational anomalies in real time across the analytics copilot.,Auto-heal workflows powering anomaly detection for the analytics copilot.,Mahindra group data fabric + causal explanations tuned to the analytics copilot.,-31.0% breaches,26
Conversational Analytics,Churn prediction 2 — Analytics Copilot,Predict cancellation risk before booking loss across the analytics copilot.,Intervention playbooks powering churn prediction for the analytics copilot.,Mahindra group data fabric + causal explanations tuned to the analytics copilot.,-17.0% cancellations,27
Immersive Experience,Anomaly detection — Immersive Workflows,Detect operational anomalies in real time across the immersive workflows.,Auto-heal workflows powering anomaly detection for the immersive workflows.,Mahindra group data fabric + causal explanations tuned to the immersive workflows.,-18.0% breaches,28
Immersive Experience,Dynamic pricing — Immersive Workflows,Reprice credits & offers with demand signals across the immersive workflows.,Buyer-match intelligence powering dynamic pricing for the immersive workflows.,Mahindra group data fabric + causal explanations tuned to the immersive workflows.,+20.0% closure,29
Immersive Experience,Demand forecasting — Immersive Workflows,Forecast demand at dealer-model granularity across the immersive workflows.,Causal driver explanations powering demand forecasting for the immersive workflows.,Mahindra group data fabric + causal explanations tuned to the immersive workflows.,+17.0% forecast accuracy,30
Platform & MLOps,Demand forecasting — Ai Platform,Forecast demand at dealer-model granularity across the AI platform.,Causal driver explanations powering demand forecasting for the AI platform.,Mahindra group data fabric + causal explanations tuned to the AI platform.,+30.0% forecast accuracy,31
Platform & MLOps,Alt-data underwriting — Ai Platform,Underwrite thin-file customers with alternate data across the AI platform.,Explainable risk decomposition powering alt-data underwriting for the AI platform.,Mahindra group data fabric + causal explanations tuned to the AI platform.,+12.0% approvals,32
Platform & MLOps,Dynamic pricing — Ai Platform,Reprice credits & offers with demand signals across the AI platform.,Buyer-match intelligence powering dynamic pricing for the AI platform.,Mahindra group data fabric + causal explanations tuned to the AI platform.,+27.0% closure,33
Platform & MLOps,Anomaly detection — Ai Platform,Detect operational anomalies in real time across the AI platform.,Auto-heal workflows powering anomaly detection for the AI platform.,Mahindra group data fabric + causal explanations tuned to the AI platform.,-13.0% breaches,34
Platform & MLOps,Alt-data underwriting 2 — Ai Platform,Underwrite thin-file customers with alternate data across the AI platform.,Explainable risk decomposition powering alt-data underwriting for the AI platform.,Mahindra group data fabric + causal explanations tuned to the AI platform.,+17.0% approvals,35
