text,sort_order
Why did bookings drop in Guwahati last week?,0
Which dealers have the highest revenue leakage?,1
Which finance customers are most likely to roll forward?,2
Which logistics routes are likely to breach SLA?,3
Which circularity credits should be repriced?,4
What is the highest ROI AI use case for Mahindra to start with?,5
Show me the top causal drivers of warranty claims.,6
Generate a board summary of AI impact.,7
How should we rebalance Bolero allocation across South Zone?,8
Which Jaipur dealers need follow-up escalation today?,9
