code,use_case,recommendation,data_sources,confidence,approval,risk,audit,rejection_reason,lineage,sort_order
CIRC-5000,Vehicle allocation to West Zone,Reallocate 5 units,"Bookings, dealer capacity, waiting list",56,pending,high,pending,,"[{""step"":1,""title"":""Data ingested"",""detail"":""Signals collected from 3 sources""},{""step"":2,""title"":""Model scored"",""detail"":""Ensemble confidence 56%""},{""step"":3,""title"":""Policy checked"",""detail"":""All guardrails passed""},{""step"":4,""title"":""Recommendation issued"",""detail"":""Routed to decision queue""},{""step"":5,""title"":""Action taken"",""detail"":""Executed via Action Agent · SLA logged""},{""step"":6,""title"":""Feedback captured"",""detail"":""Outcome fed to Learning Agent""}]",0
FIN-5001,Carbon credit repricing,Reprice batch 9%,"Buyer demand, traceability",96,approved,low,complete,,"[{""step"":1,""title"":""Data ingested"",""detail"":""Signals collected from 4 sources""},{""step"":2,""title"":""Model scored"",""detail"":""Ensemble confidence 96%""},{""step"":3,""title"":""Policy checked"",""detail"":""All guardrails passed""},{""step"":4,""title"":""Recommendation issued"",""detail"":""Routed to decision queue""},{""step"":5,""title"":""Action taken"",""detail"":""Executed via Action Agent · SLA logged""},{""step"":6,""title"":""Feedback captured"",""detail"":""Outcome fed to Learning Agent""}]",1
CIRC-5002,Dealer lead escalation,Escalate 12 stale leads,"Lead scores, SLA telemetry",85,approved,low,complete,,"[{""step"":1,""title"":""Data ingested"",""detail"":""Signals collected from 8 sources""},{""step"":2,""title"":""Model scored"",""detail"":""Ensemble confidence 85%""},{""step"":3,""title"":""Policy checked"",""detail"":""All guardrails passed""},{""step"":4,""title"":""Recommendation issued"",""detail"":""Routed to decision queue""},{""step"":5,""title"":""Action taken"",""detail"":""Executed via Action Agent · SLA logged""},{""step"":6,""title"":""Feedback captured"",""detail"":""Outcome fed to Learning Agent""}]",2
AUTO-5003,Vehicle allocation to North Zone,Reallocate 3 units,"Bookings, dealer capacity, waiting list",67,pending,medium,pending,,"[{""step"":1,""title"":""Data ingested"",""detail"":""Signals collected from 6 sources""},{""step"":2,""title"":""Model scored"",""detail"":""Ensemble confidence 67%""},{""step"":3,""title"":""Policy checked"",""detail"":""All guardrails passed""},{""step"":4,""title"":""Recommendation issued"",""detail"":""Routed to decision queue""},{""step"":5,""title"":""Action taken"",""detail"":""Executed via Action Agent · SLA logged""},{""step"":6,""title"":""Feedback captured"",""detail"":""Outcome fed to Learning Agent""}]",3
FIN-5004,Dealer lead escalation,Escalate 5 stale leads,"Lead scores, SLA telemetry",90,approved,low,complete,,"[{""step"":1,""title"":""Data ingested"",""detail"":""Signals collected from 7 sources""},{""step"":2,""title"":""Model scored"",""detail"":""Ensemble confidence 90%""},{""step"":3,""title"":""Policy checked"",""detail"":""All guardrails passed""},{""step"":4,""title"":""Recommendation issued"",""detail"":""Routed to decision queue""},{""step"":5,""title"":""Action taken"",""detail"":""Executed via Action Agent · SLA logged""},{""step"":6,""title"":""Feedback captured"",""detail"":""Outcome fed to Learning Agent""}]",4
DEAL-5005,Rural SME loan approval,Approve ₹3.9L,"Alternate credit, geo, agri",73,human_review,low,pending,,"[{""step"":1,""title"":""Data ingested"",""detail"":""Signals collected from 7 sources""},{""step"":2,""title"":""Model scored"",""detail"":""Ensemble confidence 73%""},{""step"":3,""title"":""Policy checked"",""detail"":""All guardrails passed""},{""step"":4,""title"":""Recommendation issued"",""detail"":""Routed to decision queue""},{""step"":5,""title"":""Action taken"",""detail"":""Executed via Action Agent · SLA logged""},{""step"":6,""title"":""Feedback captured"",""detail"":""Outcome fed to Learning Agent""}]",5
COLL-5006,Collections restructuring offer,Offer 12-month plan,"DPD, income stability",57,human_review,medium,pending,,"[{""step"":1,""title"":""Data ingested"",""detail"":""Signals collected from 9 sources""},{""step"":2,""title"":""Model scored"",""detail"":""Ensemble confidence 57%""},{""step"":3,""title"":""Policy checked"",""detail"":""All guardrails passed""},{""step"":4,""title"":""Recommendation issued"",""detail"":""Routed to decision queue""},{""step"":5,""title"":""Action taken"",""detail"":""Executed via Action Agent · SLA logged""},{""step"":6,""title"":""Feedback captured"",""detail"":""Outcome fed to Learning Agent""}]",6
DEAL-5007,Vehicle allocation to South Zone,Reallocate 12 units,"Bookings, dealer capacity, waiting list",71,human_review,low,pending,,"[{""step"":1,""title"":""Data ingested"",""detail"":""Signals collected from 7 sources""},{""step"":2,""title"":""Model scored"",""detail"":""Ensemble confidence 71%""},{""step"":3,""title"":""Policy checked"",""detail"":""All guardrails passed""},{""step"":4,""title"":""Recommendation issued"",""detail"":""Routed to decision queue""},{""step"":5,""title"":""Action taken"",""detail"":""Executed via Action Agent · SLA logged""},{""step"":6,""title"":""Feedback captured"",""detail"":""Outcome fed to Learning Agent""}]",7
DEAL-5008,Vehicle allocation to South Zone,Reallocate 4 units,"Bookings, dealer capacity, waiting list",86,approved,low,complete,,"[{""step"":1,""title"":""Data ingested"",""detail"":""Signals collected from 5 sources""},{""step"":2,""title"":""Model scored"",""detail"":""Ensemble confidence 86%""},{""step"":3,""title"":""Policy checked"",""detail"":""All guardrails passed""},{""step"":4,""title"":""Recommendation issued"",""detail"":""Routed to decision queue""},{""step"":5,""title"":""Action taken"",""detail"":""Executed via Action Agent · SLA logged""},{""step"":6,""title"":""Feedback captured"",""detail"":""Outcome fed to Learning Agent""}]",8
DEAL-5009,Vehicle allocation to West Zone,Reallocate 3 units,"Bookings, dealer capacity, waiting list",86,approved,low,complete,,"[{""step"":1,""title"":""Data ingested"",""detail"":""Signals collected from 9 sources""},{""step"":2,""title"":""Model scored"",""detail"":""Ensemble confidence 86%""},{""step"":3,""title"":""Policy checked"",""detail"":""All guardrails passed""},{""step"":4,""title"":""Recommendation issued"",""detail"":""Routed to decision queue""},{""step"":5,""title"":""Action taken"",""detail"":""Executed via Action Agent · SLA logged""},{""step"":6,""title"":""Feedback captured"",""detail"":""Outcome fed to Learning Agent""}]",9
FIN-5010,SLA reroute on corridor,Split load via air,"Route telemetry, weather",61,human_review,medium,pending,,"[{""step"":1,""title"":""Data ingested"",""detail"":""Signals collected from 9 sources""},{""step"":2,""title"":""Model scored"",""detail"":""Ensemble confidence 61%""},{""step"":3,""title"":""Policy checked"",""detail"":""All guardrails passed""},{""step"":4,""title"":""Recommendation issued"",""detail"":""Routed to decision queue""},{""step"":5,""title"":""Action taken"",""detail"":""Executed via Action Agent · SLA logged""},{""step"":6,""title"":""Feedback captured"",""detail"":""Outcome fed to Learning Agent""}]",10
AUTO-5011,Exchange bonus targeting,Target 4 XUV700 prospects,"Propensity, exchange values",59,pending,medium,pending,,"[{""step"":1,""title"":""Data ingested"",""detail"":""Signals collected from 6 sources""},{""step"":2,""title"":""Model scored"",""detail"":""Ensemble confidence 59%""},{""step"":3,""title"":""Policy checked"",""detail"":""All guardrails passed""},{""step"":4,""title"":""Recommendation issued"",""detail"":""Routed to decision queue""},{""step"":5,""title"":""Action taken"",""detail"":""Executed via Action Agent · SLA logged""},{""step"":6,""title"":""Feedback captured"",""detail"":""Outcome fed to Learning Agent""}]",11
CIRC-5012,Collections restructuring offer,Offer 7-month plan,"DPD, income stability",75,human_review,low,pending,,"[{""step"":1,""title"":""Data ingested"",""detail"":""Signals collected from 9 sources""},{""step"":2,""title"":""Model scored"",""detail"":""Ensemble confidence 75%""},{""step"":3,""title"":""Policy checked"",""detail"":""All guardrails passed""},{""step"":4,""title"":""Recommendation issued"",""detail"":""Routed to decision queue""},{""step"":5,""title"":""Action taken"",""detail"":""Executed via Action Agent · SLA logged""},{""step"":6,""title"":""Feedback captured"",""detail"":""Outcome fed to Learning Agent""}]",12
FIN-5013,Carbon credit repricing,Reprice batch 10%,"Buyer demand, traceability",96,approved,low,complete,,"[{""step"":1,""title"":""Data ingested"",""detail"":""Signals collected from 4 sources""},{""step"":2,""title"":""Model scored"",""detail"":""Ensemble confidence 96%""},{""step"":3,""title"":""Policy checked"",""detail"":""All guardrails passed""},{""step"":4,""title"":""Recommendation issued"",""detail"":""Routed to decision queue""},{""step"":5,""title"":""Action taken"",""detail"":""Executed via Action Agent · SLA logged""},{""step"":6,""title"":""Feedback captured"",""detail"":""Outcome fed to Learning Agent""}]",13
COLL-5014,Collections restructuring offer,Offer 10-month plan,"DPD, income stability",61,pending,medium,pending,,"[{""step"":1,""title"":""Data ingested"",""detail"":""Signals collected from 7 sources""},{""step"":2,""title"":""Model scored"",""detail"":""Ensemble confidence 61%""},{""step"":3,""title"":""Policy checked"",""detail"":""All guardrails passed""},{""step"":4,""title"":""Recommendation issued"",""detail"":""Routed to decision queue""},{""step"":5,""title"":""Action taken"",""detail"":""Executed via Action Agent · SLA logged""},{""step"":6,""title"":""Feedback captured"",""detail"":""Outcome fed to Learning Agent""}]",14
LOG-5015,SLA reroute on corridor,Split load via air,"Route telemetry, weather",60,pending,high,pending,,"[{""step"":1,""title"":""Data ingested"",""detail"":""Signals collected from 9 sources""},{""step"":2,""title"":""Model scored"",""detail"":""Ensemble confidence 60%""},{""step"":3,""title"":""Policy checked"",""detail"":""All guardrails passed""},{""step"":4,""title"":""Recommendation issued"",""detail"":""Routed to decision queue""},{""step"":5,""title"":""Action taken"",""detail"":""Executed via Action Agent · SLA logged""},{""step"":6,""title"":""Feedback captured"",""detail"":""Outcome fed to Learning Agent""}]",15
CIRC-5016,Exchange bonus targeting,Target 8 XUV700 prospects,"Propensity, exchange values",67,pending,medium,pending,,"[{""step"":1,""title"":""Data ingested"",""detail"":""Signals collected from 9 sources""},{""step"":2,""title"":""Model scored"",""detail"":""Ensemble confidence 67%""},{""step"":3,""title"":""Policy checked"",""detail"":""All guardrails passed""},{""step"":4,""title"":""Recommendation issued"",""detail"":""Routed to decision queue""},{""step"":5,""title"":""Action taken"",""detail"":""Executed via Action Agent · SLA logged""},{""step"":6,""title"":""Feedback captured"",""detail"":""Outcome fed to Learning Agent""}]",16
FIN-5017,Carbon credit repricing,Reprice batch 9%,"Buyer demand, traceability",80,approved,medium,pending,,"[{""step"":1,""title"":""Data ingested"",""detail"":""Signals collected from 7 sources""},{""step"":2,""title"":""Model scored"",""detail"":""Ensemble confidence 80%""},{""step"":3,""title"":""Policy checked"",""detail"":""All guardrails passed""},{""step"":4,""title"":""Recommendation issued"",""detail"":""Routed to decision queue""},{""step"":5,""title"":""Action taken"",""detail"":""Executed via Action Agent · SLA logged""},{""step"":6,""title"":""Feedback captured"",""detail"":""Outcome fed to Learning Agent""}]",17
FIN-5018,Rural SME loan approval,Approve ₹4.2L,"Alternate credit, geo, agri",68,pending,high,pending,,"[{""step"":1,""title"":""Data ingested"",""detail"":""Signals collected from 4 sources""},{""step"":2,""title"":""Model scored"",""detail"":""Ensemble confidence 68%""},{""step"":3,""title"":""Policy checked"",""detail"":""All guardrails passed""},{""step"":4,""title"":""Recommendation issued"",""detail"":""Routed to decision queue""},{""step"":5,""title"":""Action taken"",""detail"":""Executed via Action Agent · SLA logged""},{""step"":6,""title"":""Feedback captured"",""detail"":""Outcome fed to Learning Agent""}]",18
AUTO-5019,Collections restructuring offer,Offer 7-month plan,"DPD, income stability",86,approved,low,complete,,"[{""step"":1,""title"":""Data ingested"",""detail"":""Signals collected from 8 sources""},{""step"":2,""title"":""Model scored"",""detail"":""Ensemble confidence 86%""},{""step"":3,""title"":""Policy checked"",""detail"":""All guardrails passed""},{""step"":4,""title"":""Recommendation issued"",""detail"":""Routed to decision queue""},{""step"":5,""title"":""Action taken"",""detail"":""Executed via Action Agent · SLA logged""},{""step"":6,""title"":""Feedback captured"",""detail"":""Outcome fed to Learning Agent""}]",19
