claim_code,dealer_code,dealer_name,customer_name,vehicle,component,batch,mileage_km,severity,status,cost_inr,filed_on
WC-SYN-00001,syn-d017,Nagpur Auto Galaxy,Charvi Buch,XUV700,Power window motor,B-2217,2249,High,Closed,85000,2026-06-20
WC-SYN-00002,syn-d001,Surat Autolinks,Yochana Mani,XUV 3XO,Turbocharger assembly,B-2152,18426,Medium,Rejected,6000,2026-03-20
WC-SYN-00003,syn-d002,Jaipur Auto Galaxy,Gautam Lad,XUV700,Brake booster,B-2268,72222,High,Open,57000,2026-04-13
WC-SYN-00004,syn-d007,Coimbatore Autolinks,Shravya Walla,Thar,Battery pack,B-2280,18369,Medium,Approved,81000,2026-03-03
WC-SYN-00005,syn-d011,Vijayawada Auto Galaxy,Lekha Dara,XUV700,Brake booster,B-2127,39281,High,Open,23000,2026-07-28
WC-SYN-00006,syn-d022,Delhi Motors,Kala Koshy,Scorpio-N,DPF sensor,B-2278,45537,High,Approved,110000,2026-02-13
WC-SYN-00007,syn-d014,Jaipur Mobility Hub,Ishwar Bhandari,XUV 3XO,Brake booster,B-2269,44129,High,Open,38000,2026-05-27
WC-SYN-00008,syn-d012,Raipur Auto Galaxy,Lipika Gupta,Scorpio-N,Battery pack,B-2341,22118,High,Closed,103000,2026-04-01
WC-SYN-00009,syn-d022,Delhi Motors,Ekalinga Hayer,Bolero,Fuel injector,B-2354,16602,Low,Open,66000,2026-02-05
WC-SYN-00010,syn-d004,Guwahati Auto Prime,Siddharth Bajaj,Bolero,Infotainment head unit,B-2117,53714,Low,Approved,64000,2026-05-20
WC-SYN-00011,syn-d010,Ludhiana Auto Galaxy,Ekantika Karnik,Bolero,Turbocharger assembly,B-2331,19308,Low,In Review,63000,2026-07-07
WC-SYN-00012,syn-d010,Ludhiana Auto Galaxy,Ekbal Bakshi,Scorpio-N,Turbocharger assembly,B-2163,31437,Medium,Approved,23000,2026-05-16
WC-SYN-00013,syn-d004,Guwahati Auto Prime,Oni Sharaf,XUV 3XO,Turbocharger assembly,B-2141,41262,Low,Open,75000,2026-06-10
WC-SYN-00014,syn-d017,Nagpur Auto Galaxy,Amara Narayan,XUV 3XO,DPF sensor,B-2229,36918,High,Rejected,107000,2026-03-19
WC-SYN-00015,syn-d012,Raipur Auto Galaxy,Manan Chaudhary,XUV 3XO,Power window motor,B-2272,34000,Low,Rejected,80000,2026-05-27
WC-SYN-00016,syn-d003,Vijayawada Automobiles,William Chakrabarti,Bolero,Suspension strut,B-2141,36430,High,Closed,113000,2026-05-24
WC-SYN-00017,syn-d006,Ludhiana Automobiles,Vaishnavi Badal,XUV 3XO,AC compressor,B-2195,19583,High,In Review,72000,2026-04-10
WC-SYN-00018,syn-d016,Kolkata Mobility Hub,Ekaja Bhavsar,XUV700,Turbocharger assembly,B-2123,54501,High,Closed,50000,2026-07-22
WC-SYN-00019,syn-d005,Ahmedabad Auto Prime,Reva Dugar,Bolero,Battery pack,B-2141,82275,High,Approved,42000,2026-01-05
WC-SYN-00020,syn-d002,Jaipur Auto Galaxy,Zehaan Sen,Thar,Battery pack,B-2258,54123,High,Closed,3000,2026-06-05
WC-SYN-00021,syn-d002,Jaipur Auto Galaxy,Rajeshri Rajan,XUV700,Clutch assembly,B-2376,23487,Low,Approved,77000,2026-04-04
WC-SYN-00022,syn-d012,Raipur Auto Galaxy,Rachita Padmanabhan,XUV700,AC compressor,B-2392,35410,High,In Review,11000,2026-04-20
WC-SYN-00023,syn-d024,Guwahati Motors,Suhani Grewal,Bolero,Battery pack,B-2141,6706,Low,Approved,5000,2026-03-08
WC-SYN-00024,syn-d005,Ahmedabad Auto Prime,Ayush Chadha,Bolero,Power window motor,B-2287,3432,Medium,Approved,59000,2026-07-14
WC-SYN-00025,syn-d016,Kolkata Mobility Hub,Aarnav Dhillon,XUV700,Clutch assembly,B-2198,33048,High,Closed,67000,2026-06-05
WC-SYN-00026,syn-d006,Ludhiana Automobiles,Aradhana Ghosh,XUV700,DPF sensor,B-2210,37239,High,Rejected,34000,2026-03-13
WC-SYN-00027,syn-d017,Nagpur Auto Galaxy,Vrinda Merchant,Thar,Brake booster,B-2382,79144,High,Closed,62000,2026-02-18
WC-SYN-00028,syn-d020,Ranchi SUV Center,Yutika Luthra,Bolero,Suspension strut,B-2141,71760,Medium,Rejected,15000,2026-02-27
WC-SYN-00029,syn-d016,Kolkata Mobility Hub,Urvashi Aurora,XUV 3XO,Brake booster,B-2157,8476,High,Approved,91000,2026-03-17
WC-SYN-00030,syn-d018,Chandigarh Mobility Hub,Oscar Sabharwal,Thar,Power window motor,B-2289,36475,High,In Review,104000,2026-07-14
WC-SYN-00031,syn-d015,Kochi Automobiles,Mohini Goel,XUV 3XO,DPF sensor,B-2372,15598,Low,Rejected,96000,2026-06-28
WC-SYN-00032,syn-d012,Raipur Auto Galaxy,Jyoti Bhargava,Thar,Brake booster,B-2270,80676,Medium,Closed,69000,2026-01-13
WC-SYN-00033,syn-d024,Guwahati Motors,Pratyush Modi,Thar,Power window motor,B-2242,16498,Low,Rejected,50000,2026-06-10
WC-SYN-00034,syn-d010,Ludhiana Auto Galaxy,Nathaniel Bhattacharyya,Bolero,Suspension strut,B-2141,7660,Low,Approved,44000,2026-02-26
WC-SYN-00035,syn-d016,Kolkata Mobility Hub,Lopa Barad,XUV 3XO,Battery pack,B-2165,67952,Medium,Approved,85000,2026-03-06
WC-SYN-00036,syn-d003,Vijayawada Automobiles,Indali Bava,Bolero,Fuel injector,B-2376,9613,High,Rejected,9000,2026-01-07
WC-SYN-00037,syn-d012,Raipur Auto Galaxy,Yasti Bora,Thar,Turbocharger assembly,B-2378,53339,Low,Approved,10000,2026-04-23
WC-SYN-00038,syn-d024,Guwahati Motors,Krishna Kumer,Scorpio-N,Clutch assembly,B-2314,67797,Medium,Approved,60000,2026-01-23
WC-SYN-00039,syn-d020,Ranchi SUV Center,Anusha Minhas,XUV 3XO,Battery pack,B-2338,75955,Medium,Open,54000,2026-01-15
WC-SYN-00040,syn-d013,Surat Wheels,Anmol Munshi,XUV700,Infotainment head unit,B-2141,40973,High,Open,83000,2026-01-02
WC-SYN-00041,syn-d023,Coimbatore SUV Center,Chandresh Chauhan,Scorpio-N,Suspension strut,B-2357,60604,Medium,In Review,118000,2026-02-12
WC-SYN-00042,syn-d003,Vijayawada Automobiles,Owen Kumar,Bolero,Battery pack,B-2356,76188,Medium,Rejected,39000,2026-02-09
WC-SYN-00043,syn-d001,Surat Autolinks,Samarth Khanna,Scorpio-N,Turbocharger assembly,B-2366,7537,High,Approved,102000,2026-06-27
WC-SYN-00044,syn-d020,Ranchi SUV Center,Nisha Sahni,XUV700,Power window motor,B-2203,11798,High,Rejected,38000,2026-01-21
WC-SYN-00045,syn-d001,Surat Autolinks,Zinal Sant,XUV700,Battery pack,B-2311,34484,Low,In Review,41000,2026-01-16
WC-SYN-00046,syn-d007,Coimbatore Autolinks,Raghav Narayan,Bolero,Fuel injector,B-2354,72624,Low,Closed,24000,2026-03-16
WC-SYN-00047,syn-d008,Kolkata Wheels,Hardik Sarma,Thar,Power window motor,B-2141,35498,Low,Rejected,73000,2026-07-25
WC-SYN-00048,syn-d018,Chandigarh Mobility Hub,Udant Bumb,Thar,Turbocharger assembly,B-2141,81876,Medium,In Review,65000,2026-06-28
WC-SYN-00049,syn-d014,Jaipur Mobility Hub,Henry Kulkarni,XUV 3XO,AC compressor,B-2141,33863,Low,In Review,108000,2026-02-14
WC-SYN-00050,syn-d015,Kochi Automobiles,Girindra Wali,Thar,Fuel injector,B-2328,76664,High,Open,92000,2026-04-08
WC-SYN-00051,syn-d023,Coimbatore SUV Center,Ekalinga Butala,XUV 3XO,Fuel injector,B-2123,65603,Medium,In Review,23000,2026-06-25
WC-SYN-00052,syn-d020,Ranchi SUV Center,Darika Sama,Bolero,Battery pack,B-2141,9413,Low,In Review,77000,2026-03-19
WC-SYN-00053,syn-d009,Surat SUV Center,Omaja Dyal,Bolero,Brake booster,B-2210,32877,High,In Review,26000,2026-02-13
WC-SYN-00054,syn-d005,Ahmedabad Auto Prime,Urvashi Chahal,Bolero,Turbocharger assembly,B-2387,65288,Medium,Closed,96000,2026-01-18
WC-SYN-00055,syn-d015,Kochi Automobiles,Wahab Chaudhry,Scorpio-N,Power window motor,B-2139,67450,High,Approved,29000,2026-05-11
WC-SYN-00056,syn-d012,Raipur Auto Galaxy,Priya Karnik,XUV700,Infotainment head unit,B-2117,43256,High,Rejected,79000,2026-07-20
WC-SYN-00057,syn-d015,Kochi Automobiles,Vedhika Johal,XUV 3XO,Power window motor,B-2235,59132,Medium,Approved,107000,2026-04-28
WC-SYN-00058,syn-d003,Vijayawada Automobiles,Arya Wason,XUV700,Infotainment head unit,B-2261,13895,High,Closed,98000,2026-02-07
WC-SYN-00059,syn-d015,Kochi Automobiles,Rajeshri Vyas,Bolero,Clutch assembly,B-2306,84453,Low,Approved,9000,2026-03-27
WC-SYN-00060,syn-d023,Coimbatore SUV Center,Aahana Pathak,Scorpio-N,Clutch assembly,B-2281,66857,High,Rejected,110000,2026-05-18
